Instance,Size,Budget,Dev,Method,Status,UB,LB,Gap,Runtime,GapRoot,RuntimeRoot,Tree,RCCCuts,TCuts,Scenarios
C101,25,0,0,CRG,Feasible,1913,1913,0,1,0,0,1,0,0,0
C101,25,1,0.25,CRG,Feasible,1913,1913,0,0,0,0,1,0,0,0
C101,25,1,0.5,CRG,Feasible,2356,2356,0,2,1913,0,7,0,0,1
C101,25,3,0.25,CRG,Feasible,1913,1913,0,0,0,0,1,0,0,0
C101,25,3,0.5,CRG,Feasible,2419,2419,0,0,1913,0,1,0,0,2
C101,25,5,0.25,CRG,Feasible,2356,2356,0,0,1913,0,10,0,0,1
C101,25,5,0.5,CRG,Feasible,2419,2419,0,0,1913,0,1,0,0,1
C102,25,0,0,CRG,Feasible,1903,1903,0,3,1528.1,0,1166,560,0,0
C102,25,1,0.25,CRG,Feasible,1903,1903,0,2,1530.92,0,738,387,0,0
C102,25,1,0.5,CRG,Feasible,2204,2204,0,30,1530.92,0,3524,7210,0,1
C102,25,3,0.25,CRG,Feasible,1903,1903,0,2,1530.92,0,738,387,0,0
C102,25,3,0.5,CRG,Feasible,2204,2204,0,11,1530.92,0,1426,4082,0,1
C102,25,5,0.25,CRG,Feasible,2204,2204,0,36,1530.92,0,3222,9860,0,1
C102,25,5,0.5,CRG,Feasible,2204,2204,0,10,1530.92,0,1016,3851,0,1
C103,25,0,0,CRG,Feasible,1903,1903,0,76,1265.73,0,17661,10976,0,0
C103,25,1,0.25,CRG,Feasible,1903,1903,0,70,1265.73,0,15850,11710,0,0
C103,25,1,0.5,CRG,Feasible,1939,1939,0,341,1265.73,0,28540,46389,0,1
C103,25,3,0.25,CRG,Feasible,1903,1903,0,70,1265.73,0,15850,11710,0,0
C103,25,3,0.5,CRG,Feasible,1939,1939,0,459,1265.73,0,43769,60418,0,1
C103,25,5,0.25,CRG,Feasible,1939,1939,0,530,1265.73,0,53910,51145,0,1
C103,25,5,0.5,CRG,Feasible,1939,1939,0,376,1265.73,0,32552,46351,0,1
C104,25,0,0,CRG,Feasible,1869,1869,0,814,1244.89,0,132541,83577,0,0
C104,25,1,0.25,CRG,Feasible,1869,1869,0,637,1244.89,0,106439,62806,0,0
C104,25,1,0.5,CRG,Feasible,1900,1885,0.79,3601,1244.89,0,303363,251963,0,1
C104,25,3,0.25,CRG,Feasible,1869,1869,0,647,1244.89,0,106439,62806,0,0
C104,25,3,0.5,CRG,Feasible,1900,1868,1.68,3600,1244.89,0,285681,260898,0,1
C104,25,5,0.25,CRG,Feasible,1900,1863,1.95,3600,1244.89,0,292100,291986,0,1
C104,25,5,0.5,CRG,Feasible,1900,1853,2.47,3600,1244.89,0,224512,269847,0,1
C105,25,0,0,CRG,Feasible,1913,1913,0,0,1872.9,0,1,0,0,0
C105,25,1,0.25,CRG,Feasible,1913,1913,0,0,1875.74,0,1,0,0,0
C105,25,1,0.5,CRG,Feasible,1913,1913,0,0,1876.95,0,1,0,0,0
C105,25,3,0.25,CRG,Feasible,1913,1913,0,0,1875.74,0,1,0,0,0
C105,25,3,0.5,CRG,Feasible,1913,1913,0,0,1876.95,0,1,0,0,0
C105,25,5,0.25,CRG,Feasible,1913,1913,0,0,1875.74,0,1,0,0,0
C105,25,5,0.5,CRG,Feasible,1913,1913,0,0,1876.95,0,1,0,0,0
C106,25,0,0,CRG,Feasible,1913,1913,0,0,0,0,1,0,0,0
C106,25,1,0.25,CRG,Feasible,2356,2356,0,0,1913,0,9,0,0,1
C106,25,1,0.5,CRG,Feasible,2386,2386,0,1,1913,0,16,0,0,2
C106,25,3,0.25,CRG,Feasible,2356,2356,0,0,1913,0,16,0,0,1
C106,25,3,0.5,CRG,Feasible,2486,2486,0,0,1913,0,1,0,0,1
C106,25,5,0.25,CRG,Feasible,2356,2356,0,0,1913,0,9,0,0,1
C106,25,5,0.5,CRG,Feasible,2486,2486,0,0,1913,0,1,0,0,1
C107,25,0,0,CRG,Feasible,1913,1913,0,0,1771.52,0,1,0,0,0
C107,25,1,0.25,CRG,Feasible,1913,1913,0,0,1771.52,0,1,0,0,0
C107,25,1,0.5,CRG,Feasible,1913,1913,0,0,1771.52,0,1,0,0,0
C107,25,3,0.25,CRG,Feasible,1913,1913,0,0,1771.52,0,1,0,0,0
C107,25,3,0.5,CRG,Feasible,1913,1913,0,0,1771.52,0,1,0,0,0
C107,25,5,0.25,CRG,Feasible,1913,1913,0,0,1771.52,0,1,0,0,0
C107,25,5,0.5,CRG,Feasible,1913,1913,0,0,1771.52,0,1,0,0,0
C108,25,0,0,CRG,Feasible,1913,1913,0,1,805.06,0,234,476,0,0
C108,25,1,0.25,CRG,Feasible,1913,1913,0,1,805.06,0,283,518,0,0
C108,25,1,0.5,CRG,Feasible,1913,1913,0,1,844.47,0,236,393,0,0
C108,25,3,0.25,CRG,Feasible,1913,1913,0,1,805.06,0,283,518,0,0
C108,25,3,0.5,CRG,Feasible,1913,1913,0,1,844.47,0,236,393,0,0
C108,25,5,0.25,CRG,Feasible,1913,1913,0,1,805.06,0,283,518,0,0
C108,25,5,0.5,CRG,Feasible,1913,1913,0,1,844.47,0,236,393,0,0
C109,25,0,0,CRG,Feasible,1913,1913,0,39,787.74,0,6899,11116,0,0
C109,25,1,0.25,CRG,Feasible,1913,1913,0,30,787.74,0,5416,8815,0,0
C109,25,1,0.5,CRG,Feasible,1913,1913,0,30,787.74,0,5416,8815,0,0
C109,25,3,0.25,CRG,Feasible,1913,1913,0,30,787.74,0,5416,8815,0,0
C109,25,3,0.5,CRG,Feasible,1913,1913,0,30,787.74,0,5416,8815,0,0
C109,25,5,0.25,CRG,Feasible,1913,1913,0,30,787.74,0,5416,8815,0,0
C109,25,5,0.5,CRG,Feasible,1913,1913,0,31,787.74,0,5416,8815,0,0
C201,25,0,0,CRG,Feasible,2147,2147,0,0,0,0,1,0,0,0
C201,25,1,0.25,CRG,Feasible,2147,2147,0,0,0,0,1,0,0,0
C201,25,1,0.5,CRG,Feasible,2147,2147,0,0,0,0,1,0,0,0
C201,25,3,0.25,CRG,Feasible,2147,2147,0,0,0,0,1,0,0,0
C201,25,3,0.5,CRG,Feasible,2147,2147,0,0,0,0,1,0,0,0
C201,25,5,0.25,CRG,Feasible,2147,2147,0,0,0,0,1,0,0,0
C201,25,5,0.5,CRG,Feasible,2147,2147,0,0,0,0,1,0,0,0
C202,25,0,0,CRG,Feasible,2147,2147,0,5,1592.55,0,2680,352,0,0
C202,25,1,0.25,CRG,Feasible,2147,2147,0,4,1592.55,0,2680,352,0,0
C202,25,1,0.5,CRG,Feasible,2147,2147,0,4,1592.55,0,2045,245,0,0
C202,25,3,0.25,CRG,Feasible,2147,2147,0,4,1592.55,0,2680,352,0,0
C202,25,3,0.5,CRG,Feasible,2147,2147,0,4,1592.55,0,2045,245,0,0
C202,25,5,0.25,CRG,Feasible,2147,2147,0,4,1592.55,0,2680,352,0,0
C202,25,5,0.5,CRG,Feasible,2147,2147,0,4,1592.55,0,2680,352,0,0
C203,25,0,0,CRG,Feasible,2147,2147,0,30,1536.88,0,6649,1704,0,0
C203,25,1,0.25,CRG,Feasible,2147,2147,0,43,1536.88,0,8614,1864,0,0
C203,25,1,0.5,CRG,Feasible,2147,2147,0,30,1536.88,0,6649,1704,0,0
C203,25,3,0.25,CRG,Feasible,2147,2147,0,30,1536.88,0,6649,1704,0,0
C203,25,3,0.5,CRG,Feasible,2147,2147,0,30,1536.88,0,6649,1704,0,0
C203,25,5,0.25,CRG,Feasible,2147,2147,0,43,1536.88,0,8614,1864,0,0
C203,25,5,0.5,CRG,Feasible,2147,2147,0,30,1536.88,0,6649,1704,0,0
C204,25,0,0,CRG,Feasible,2131,2131,0,1450,1477.43,0,213196,96987,0,0
C204,25,1,0.25,CRG,Feasible,2131,2131,0,1448,1477.43,0,213196,96987,0,0
C204,25,1,0.5,CRG,Feasible,2131,2131,0,1433,1477.43,0,213196,96987,0,0
C204,25,3,0.25,CRG,Feasible,2131,2131,0,1442,1477.43,0,213196,96987,0,0
C204,25,3,0.5,CRG,Feasible,2131,2131,0,1416,1477.43,0,213196,96987,0,0
C204,25,5,0.25,CRG,Feasible,2131,2131,0,1414,1477.43,0,213196,96987,0,0
C204,25,5,0.5,CRG,Feasible,2131,2131,0,1234,1477.43,0,193393,104009,0,0
C205,25,0,0,CRG,Feasible,2147,2147,0,0,1758.41,0,1,15,0,0
C205,25,1,0.25,CRG,Feasible,2147,2147,0,0,1784.05,0,1,6,0,0
C205,25,1,0.5,CRG,Feasible,2147,2147,0,0,1784.05,0,1,6,0,0
C205,25,3,0.25,CRG,Feasible,2147,2147,0,0,1784.05,0,1,6,0,0
C205,25,3,0.5,CRG,Feasible,2147,2147,0,0,1784.05,0,1,6,0,0
C205,25,5,0.25,CRG,Feasible,2147,2147,0,0,1784.05,0,1,6,0,0
C205,25,5,0.5,CRG,Feasible,2147,2147,0,0,1784.05,0,1,6,0,0
C206,25,0,0,CRG,Feasible,2147,2147,0,0,1578.32,0,7,28,0,0
C206,25,1,0.25,CRG,Feasible,2147,2147,0,0,1578.32,0,7,28,0,0
C206,25,1,0.5,CRG,Feasible,2147,2147,0,0,1578.32,0,12,30,0,0
C206,25,3,0.25,CRG,Feasible,2147,2147,0,0,1578.32,0,7,28,0,0
C206,25,3,0.5,CRG,Feasible,2147,2147,0,0,1578.32,0,12,30,0,0
C206,25,5,0.25,CRG,Feasible,2147,2147,0,0,1578.32,0,7,28,0,0
C206,25,5,0.5,CRG,Feasible,2147,2147,0,0,1578.32,0,12,30,0,0
C207,25,0,0,CRG,Feasible,2145,2145,0,1,1683.61,0,57,31,0,0
C207,25,1,0.25,CRG,Feasible,2145,2145,0,1,1683.61,0,80,33,0,0
C207,25,1,0.5,CRG,Feasible,2145,2145,0,1,1683.61,0,80,33,0,0
C207,25,3,0.25,CRG,Feasible,2145,2145,0,1,1683.61,0,80,33,0,0
C207,25,3,0.5,CRG,Feasible,2145,2145,0,1,1683.61,0,57,31,0,0
C207,25,5,0.25,CRG,Feasible,2145,2145,0,1,1683.61,0,80,33,0,0
C207,25,5,0.5,CRG,Feasible,2145,2145,0,1,1683.61,0,57,31,0,0
C208,25,0,0,CRG,Feasible,2145,2145,0,1,1501.09,0,220,57,0,0
C208,25,1,0.25,CRG,Feasible,2145,2145,0,1,1501.09,0,220,57,0,0
C208,25,1,0.5,CRG,Feasible,2145,2145,0,1,1501.09,0,220,57,0,0
C208,25,3,0.25,CRG,Feasible,2145,2145,0,1,1501.09,0,220,57,0,0
C208,25,3,0.5,CRG,Feasible,2145,2145,0,1,1501.09,0,220,57,0,0
C208,25,5,0.25,CRG,Feasible,2145,2145,0,1,1501.09,0,220,57,0,0
C208,25,5,0.5,CRG,Feasible,2145,2145,0,1,1501.09,0,220,57,0,0
R101,25,0,0,CRG,Feasible,6156,6156,0,0,0,0,1,0,0,0
R101,25,1,0.25,CRG,Feasible,6549,6549,0,0,6409,0,1,0,0,1
R101,25,1,0.5,CRG,Infeasible,0,0,0,0,0,0,0,0,0,0
R101,25,3,0.25,CRG,Feasible,6634,6634,0,0,6409,0,1,0,0,2
R101,25,3,0.5,CRG,Infeasible,0,0,0,0,0,0,0,0,0,0
R101,25,5,0.25,CRG,Feasible,6634,6634,0,0,6409,0,1,0,0,2
R101,25,5,0.5,CRG,Infeasible,0,0,0,0,0,0,0,0,0,0
R102,25,0,0,CRG,Feasible,5155,5155,0,68,3499.33,0,19552,16459,0,0
R102,25,1,0.25,CRG,Feasible,5292,5292,0,46,3834.9,0,11806,11421,0,0
R102,25,1,0.5,CRG,Infeasible,0,0,0,0,0,0,0,0,0,0
R102,25,3,0.25,CRG,Feasible,5370,5370,0,114,3834.9,0,12921,25013,0,1
R102,25,3,0.5,CRG,Infeasible,0,0,0,0,0,0,0,0,0,0
R102,25,5,0.25,CRG,Feasible,5370,5370,0,115,3834.9,0,12921,25013,0,1
R102,25,5,0.5,CRG,Infeasible,0,0,0,0,0,0,0,0,0,0
R103,25,0,0,CRG,Feasible,4521,4104,9.22,3600,3037.79,0,664742,2394487,0,0
R103,25,1,0.25,CRG,Feasible,4521,4521,0,2646,3275.56,0,501551,936263,0,0
R103,25,1,0.5,CRG,Infeasible,0,0,0,0,0,0,0,0,0,0
R103,25,3,0.25,CRG,Feasible,4521,4433,1.95,3600,3275.56,0,655225,1338893,0,0
R103,25,3,0.5,CRG,Infeasible,0,0,0,0,0,0,0,0,0,0
R103,25,5,0.25,CRG,Feasible,4598,3936,14.4,3600,3275.56,0,11447,1280315,0,1
R103,25,5,0.5,CRG,Infeasible,0,0,0,0,0,0,0,0,0,0
R104,25,0,0,CRG,Feasible,4090,3868,5.43,3601,2877.33,0,633139,1677254,0,0
R104,25,1,0.25,CRG,Feasible,4090,3996,2.3,3600,3155.46,0,601797,1045925,0,0
R104,25,1,0.5,CRG,Infeasible,0,0,0,0,0,0,0,0,0,0
R104,25,3,0.25,CRG,Feasible,4090,3959,3.2,3600,3155.46,0,639968,1491094,0,0
R104,25,3,0.5,CRG,Infeasible,0,0,0,0,0,0,0,0,0,0
R104,25,5,0.25,CRG,Feasible,4090,3954,3.33,3600,3155.46,0,627020,1421093,0,0
R104,25,5,0.5,CRG,Infeasible,0,0,0,0,0,0,0,0,0,0
R105,25,0,0,CRG,Feasible,5262,5262,0,1,4640.5,0,397,18,0,0
R105,25,1,0.25,CRG,Feasible,5412,5412,0,3,4640.5,0,60,26,0,4
R105,25,1,0.5,CRG,Feasible,5814,5814,0,1,5230.87,0,23,11,0,3
R105,25,3,0.25,CRG,Feasible,5640,5640,0,4,4640.5,0,717,30,0,5
R105,25,3,0.5,CRG,Feasible,5907,5907,0,8,5230.87,0,979,19,0,6
R105,25,5,0.25,CRG,Feasible,5640,5640,0,8,4640.5,0,992,37,0,5
R105,25,5,0.5,CRG,Feasible,5907,5907,0,7,5230.87,0,885,23,0,6
R106,25,0,0,CRG,Feasible,4623,4623,0,395,3209.03,0,74650,117352,0,0
R106,25,1,0.25,CRG,Feasible,4676,4676,0,2554,3209.03,0,46320,226754,0,3
R106,25,1,0.5,CRG,Feasible,4986,4986,0,2172,3237.64,0,58847,304351,0,2
R106,25,3,0.25,CRG,Feasible,4680,4680,0,949,3209.03,0,37389,151206,0,2
R106,25,3,0.5,CRG,Feasible,5122,4850,5.31,3600,3237.64,0,37545,199351,0,4
R106,25,5,0.25,CRG,Feasible,4680,4680,0,984,3209.03,0,37522,150129,0,2
R106,25,5,0.5,CRG,Feasible,5122,5122,0,3188,3237.64,0,46742,228162,0,3
R107,25,0,0,CRG,Feasible,4189,3941,5.92,3601,2945.4,0,548777,1970301,0,0
R107,25,1,0.25,CRG,Feasible,4196,3952,5.82,3600,2945.54,0,616068,2146507,0,0
R107,25,1,0.5,CRG,Feasible,4254,4069,4.35,3600,3033.72,0,615159,2001900,0,0
R107,25,3,0.25,CRG,Feasible,4189,3986,4.85,3600,2945.54,0,608539,2011053,0,0
R107,25,3,0.5,CRG,Feasible,4254,4087,3.93,3600,3033.72,0,639240,1892481,0,0
R107,25,5,0.25,CRG,Feasible,4189,3987,4.82,3600,2945.54,0,611963,2018384,0,0
R107,25,5,0.5,CRG,Feasible,4261,4067,4.55,3600,3033.72,0,667579,2067676,0,0
R108,25,0,0,CRG,Feasible,3937,3775,4.11,3600,2798.52,0,596827,1272343,0,0
R108,25,1,0.25,CRG,Feasible,3994,3762,5.81,3601,2798.52,0,593348,1573279,0,0
R108,25,1,0.5,CRG,Feasible,4038,3809,5.67,3600,2875.53,0,664015,1500089,0,0
R108,25,3,0.25,CRG,Feasible,3973,3771,5.08,3600,2798.52,0,635065,1399838,0,0
R108,25,3,0.5,CRG,Feasible,4038,3848,4.71,3600,2875.53,0,619829,1185863,0,0
R108,25,5,0.25,CRG,Feasible,3973,3706,6.72,3600,2798.52,0,576644,1647522,0,0
R108,25,5,0.5,CRG,Feasible,4038,3820,5.4,3600,2875.53,0,668041,1405112,0,0
R109,25,0,0,CRG,Feasible,4491,4491,0,9,3350.59,0,3272,1764,0,0
R109,25,1,0.25,CRG,Feasible,4566,4566,0,11,3477.05,0,2288,1642,0,1
R109,25,1,0.5,CRG,Feasible,4575,4575,0,1,3645.53,0,584,162,0,0
R109,25,3,0.25,CRG,Feasible,4566,4566,0,11,3477.05,0,2633,1845,0,1
R109,25,3,0.5,CRG,Feasible,4634,4634,0,7,3645.53,0,691,566,0,2
R109,25,5,0.25,CRG,Feasible,4566,4566,0,11,3477.05,0,2633,1845,0,1
R109,25,5,0.5,CRG,Feasible,4694,4694,0,36,3645.53,0,3163,719,0,3
R110,25,0,0,CRG,Feasible,4255,4141,2.68,3600,2926.72,0,620524,992298,0,0
R110,25,1,0.25,CRG,Feasible,4255,4146,2.56,3600,3004.05,0,684453,1111386,0,0
R110,25,1,0.5,CRG,Feasible,4334,3887,10.31,3600,3004.05,0,40227,706141,0,2
R110,25,3,0.25,CRG,Feasible,4255,4148,2.51,3600,3004.05,0,688823,1113523,0,0
R110,25,3,0.5,CRG,Feasible,4359,4002,8.19,3601,3004.05,0,46089,673640,0,3
R110,25,5,0.25,CRG,Feasible,4255,4148,2.51,3600,3004.05,0,690360,1114191,0,0
R110,25,5,0.5,CRG,Feasible,4359,3986,8.56,3600,3004.05,0,38085,707088,0,3
R111,25,0,0,CRG,Feasible,4274,4274,0,1663,2948.26,0,281914,536773,0,0
R111,25,1,0.25,CRG,Feasible,4288,4288,0,1792,2948.26,0,130530,450643,0,1
R111,25,1,0.5,CRG,Feasible,4353,4353,0,369,3068.76,0,60865,117235,0,0
R111,25,3,0.25,CRG,Feasible,4325,4325,0,3116,2948.26,0,46620,597057,0,2
R111,25,3,0.5,CRG,Feasible,4549,4549,0,3167,3068.76,0,161192,280847,0,2
R111,25,5,0.25,CRG,Feasible,4325,4325,0,2964,2948.26,0,59524,493477,0,2
R111,25,5,0.5,CRG,Feasible,4556,4556,0,3132,3068.76,0,46388,369131,0,3
R112,25,0,0,CRG,Feasible,3877,3528,9,3600,2795.15,0,563318,1741114,0,0
R112,25,1,0.25,CRG,Feasible,3930,3485,11.32,3601,2795.7,0,559778,2307978,0,0
R112,25,1,0.5,CRG,Feasible,3930,3481,11.42,3600,2795.28,0,556541,2140992,0,0
R112,25,3,0.25,CRG,Feasible,3930,3478,11.5,3600,2795.7,0,522334,2117948,0,0
R112,25,3,0.5,CRG,Feasible,3930,3457,12.04,3600,2795.28,0,536519,2291406,0,0
R112,25,5,0.25,CRG,Feasible,3930,3478,11.5,3600,2795.7,0,522995,2120483,0,0
R112,25,5,0.5,CRG,Feasible,3877,3510,9.47,3600,2795.28,0,623331,1529415,0,0
R201,25,0,0,CRG,Feasible,4633,4633,0,2,4183.42,0,1,10,0,0
R201,25,1,0.25,CRG,Feasible,4633,4633,0,0,4183.42,0,1,15,0,0
R201,25,1,0.5,CRG,Feasible,4748,4748,0,0,4372.03,0,1,13,0,0
R201,25,3,0.25,CRG,Feasible,4633,4633,0,0,4183.42,0,1,15,0,0
R201,25,3,0.5,CRG,Feasible,4748,4748,0,0,4372.03,0,1,13,0,0
R201,25,5,0.25,CRG,Feasible,4633,4633,0,0,4183.42,0,1,15,0,0
R201,25,5,0.5,CRG,Feasible,4748,4748,0,0,4372.03,0,1,13,0,0
R202,25,0,0,CRG,Feasible,4105,4105,0,141,3002.42,0,36420,27370,0,0
R202,25,1,0.25,CRG,Feasible,4105,4105,0,153,3002.42,0,37544,26738,0,0
R202,25,1,0.5,CRG,Feasible,4247,4247,0,214,3094.17,0,51470,47007,0,0
R202,25,3,0.25,CRG,Feasible,4105,4105,0,154,3002.42,0,37544,26738,0,0
R202,25,3,0.5,CRG,Feasible,4247,4247,0,213,3094.17,0,51470,47007,0,0
R202,25,5,0.25,CRG,Feasible,4105,4105,0,154,3002.42,0,37544,26738,0,0
R202,25,5,0.5,CRG,Feasible,4247,4247,0,215,3094.17,0,51470,47007,0,0
R203,25,0,0,CRG,Feasible,3914,3749,4.22,3600,2929.99,0,600316,833949,0,0
R203,25,1,0.25,CRG,Feasible,3914,3736,4.55,3600,2929.99,0,621104,899162,0,0
R203,25,1,0.5,CRG,Feasible,3914,3760,3.93,3600,2929.99,0,664389,940740,0,0
R203,25,3,0.25,CRG,Feasible,3914,3760,3.93,3600,2929.99,0,664253,940630,0,0
R203,25,3,0.5,CRG,Feasible,3914,3759,3.96,3600,2929.99,0,659260,936617,0,0
R203,25,5,0.25,CRG,Feasible,3914,3758,3.99,3600,2929.99,0,654002,932188,0,0
R203,25,5,0.5,CRG,Feasible,3914,3759,3.96,3600,2929.99,0,656430,934027,0,0
R204,25,0,0,CRG,Feasible,3550,3550,0,1798,2770.89,0,267056,225961,0,0
R204,25,1,0.25,CRG,Feasible,3550,3550,0,1764,2770.89,0,254026,196709,0,0
R204,25,1,0.5,CRG,Feasible,3550,3550,0,1754,2770.89,0,254026,196709,0,0
R204,25,3,0.25,CRG,Feasible,3550,3550,0,1733,2770.89,0,254026,196709,0,0
R204,25,3,0.5,CRG,Feasible,3550,3550,0,1719,2770.89,0,254026,196709,0,0
R204,25,5,0.25,CRG,Feasible,3550,3550,0,1723,2770.89,0,254026,196709,0,0
R204,25,5,0.5,CRG,Feasible,3550,3550,0,1727,2770.89,0,254026,196709,0,0
R205,25,0,0,CRG,Feasible,3941,3941,0,3,3243.14,0,1610,928,0,0
R205,25,1,0.25,CRG,Feasible,3941,3941,0,3,3374.89,0,1365,634,0,0
R205,25,1,0.5,CRG,Feasible,3941,3941,0,3,3374.89,0,1451,746,0,0
R205,25,3,0.25,CRG,Feasible,3941,3941,0,3,3374.89,0,1365,634,0,0
R205,25,3,0.5,CRG,Feasible,3941,3941,0,3,3374.89,0,1451,746,0,0
R205,25,5,0.25,CRG,Feasible,3941,3941,0,3,3374.89,0,1365,634,0,0
R205,25,5,0.5,CRG,Feasible,3941,3941,0,3,3374.89,0,1451,746,0,0
R206,25,0,0,CRG,Feasible,3744,3744,0,248,2833.41,0,45819,33653,0,0
R206,25,1,0.25,CRG,Feasible,3744,3744,0,319,2833.41,0,62352,41845,0,0
R206,25,1,0.5,CRG,Feasible,3744,3744,0,275,2833.41,0,53876,35472,0,0
R206,25,3,0.25,CRG,Feasible,3744,3744,0,320,2833.41,0,62352,41845,0,0
R206,25,3,0.5,CRG,Feasible,3744,3744,0,272,2833.41,0,53876,35472,0,0
R206,25,5,0.25,CRG,Feasible,3744,3744,0,317,2833.41,0,62352,41845,0,0
R206,25,5,0.5,CRG,Feasible,3744,3744,0,271,2833.41,0,53876,35472,0,0
R207,25,0,0,CRG,Feasible,3668,3668,0,3429,2827.86,0,538897,387360,0,0
R207,25,1,0.25,CRG,Feasible,3668,3668,0,3033,2827.86,0,481741,366139,0,0
R207,25,1,0.5,CRG,Feasible,3668,3619,1.34,3600,2827.86,0,543276,453559,0,0
R207,25,3,0.25,CRG,Feasible,3668,3668,0,3028,2827.86,0,481741,366139,0,0
R207,25,3,0.5,CRG,Feasible,3668,3620,1.31,3600,2827.86,0,544544,453724,0,0
R207,25,5,0.25,CRG,Feasible,3668,3668,0,3022,2827.86,0,481741,366139,0,0
R207,25,5,0.5,CRG,Feasible,3668,3613,1.5,3600,2827.86,0,533352,451732,0,0
R208,25,0,0,CRG,Feasible,3380,3380,0,379,2770.01,0,71198,49889,0,0
R208,25,1,0.25,CRG,Feasible,3406,3406,0,1605,2770.01,0,106905,125340,0,1
R208,25,1,0.5,CRG,Feasible,3406,3406,0,1410,2770.01,0,94573,104345,0,1
R208,25,3,0.25,CRG,Feasible,3406,3406,0,1387,2770.01,0,89221,119791,0,1
R208,25,3,0.5,CRG,Feasible,3408,3319,2.61,3600,2770.01,0,83947,211834,0,2
R208,25,5,0.25,CRG,Feasible,3408,3408,0,1513,2770.01,0,92177,129984,0,1
R208,25,5,0.5,CRG,Feasible,3408,3408,0,1636,2770.01,0,113548,154463,0,1
R209,25,0,0,CRG,Feasible,3707,3707,0,28,2907.8,0,6941,5795,0,0
R209,25,1,0.25,CRG,Feasible,3707,3707,0,25,2907.8,0,6428,5878,0,0
R209,25,1,0.5,CRG,Feasible,3707,3707,0,27,2907.8,0,6708,6246,0,0
R209,25,3,0.25,CRG,Feasible,3717,3717,0,81,2907.8,0,7261,12805,0,1
R209,25,3,0.5,CRG,Feasible,3726,3726,0,265,2907.8,0,5715,17092,0,3
R209,25,5,0.25,CRG,Feasible,3726,3726,0,182,2907.8,0,7295,19598,0,2
R209,25,5,0.5,CRG,Feasible,3757,3757,0,394,2907.8,0,11294,21448,0,3
R210,25,0,0,CRG,Feasible,4046,4046,0,215,2938.18,0,48415,49225,0,0
R210,25,1,0.25,CRG,Feasible,4046,4046,0,197,2938.18,0,41910,46210,0,0
R210,25,1,0.5,CRG,Feasible,4046,4046,0,208,2938.18,0,45167,49076,0,0
R210,25,3,0.25,CRG,Feasible,4046,4046,0,196,2938.18,0,41910,46210,0,0
R210,25,3,0.5,CRG,Feasible,4046,4046,0,207,2938.18,0,45167,49076,0,0
R210,25,5,0.25,CRG,Feasible,4046,4046,0,197,2938.18,0,41910,46210,0,0
R210,25,5,0.5,CRG,Feasible,4046,4046,0,207,2938.18,0,45167,49076,0,0
R211,25,0,0,CRG,Feasible,3457,3371,2.49,3600,2770.16,0,573823,405639,0,0
R211,25,1,0.25,CRG,Feasible,3457,3378,2.29,3600,2770.16,0,586013,385423,0,0
R211,25,1,0.5,CRG,Feasible,3457,3457,0,2304,2805.86,0,391549,236026,0,0
R211,25,3,0.25,CRG,Feasible,3457,3377,2.31,3600,2770.16,0,578911,383364,0,0
R211,25,3,0.5,CRG,Feasible,3459,3309,4.34,3600,2805.86,0,164606,341767,0,1
R211,25,5,0.25,CRG,Feasible,3457,3375,2.37,3600,2770.16,0,574527,381831,0,0
R211,25,5,0.5,CRG,Feasible,3509,3235,7.81,3600,2805.86,0,54533,353767,0,1
RC101,25,0,0,CRG,Feasible,4648,4648,0,0,3546.73,0,387,52,0,0
RC101,25,1,0.25,CRG,Feasible,4648,4648,0,0,3546.73,0,305,46,0,0
RC101,25,1,0.5,CRG,Feasible,5401,5401,0,2,3581.89,0,362,18,0,4
RC101,25,3,0.25,CRG,Feasible,5153,5153,0,3,3546.73,0,1890,157,0,2
RC101,25,3,0.5,CRG,Feasible,5427,5427,0,3,3581.89,0,93,32,0,5
RC101,25,5,0.25,CRG,Feasible,5153,5153,0,2,3546.73,0,848,132,0,2
RC101,25,5,0.5,CRG,Feasible,5427,5427,0,4,3581.89,0,42,29,0,5
RC102,25,0,0,CRG,Feasible,3978,3978,0,10,1390.56,0,2817,4389,0,0
RC102,25,1,0.25,CRG,Feasible,4342,4342,0,572,1406.71,0,28685,85008,0,2
RC102,25,1,0.5,CRG,Feasible,4590,4590,0,1575,1406.71,0,40764,74171,0,5
RC102,25,3,0.25,CRG,Feasible,4342,4342,0,1027,1406.71,0,28085,71666,0,4
RC102,25,3,0.5,CRG,Feasible,4590,4590,0,1253,1406.71,0,28901,114345,0,3
RC102,25,5,0.25,CRG,Feasible,4342,4342,0,268,1406.71,0,20959,35654,0,2
RC102,25,5,0.5,CRG,Feasible,4590,4590,0,1181,1406.71,0,26365,126662,0,3
RC103,25,0,0,CRG,Feasible,3348,2842,15.11,3600,1070.01,0,636889,1168366,0,0
RC103,25,1,0.25,CRG,Feasible,3420,2544,25.61,3600,1070.06,0,20182,483919,0,3
RC103,25,1,0.5,CRG,Feasible,3378,3302,2.25,3600,1070.06,0,104494,565148,0,2
RC103,25,3,0.25,CRG,Feasible,3474,3330,4.15,3600,1070.06,0,348089,558686,0,1
RC103,25,3,0.5,CRG,Feasible,3911,2965,24.19,3600,1070.06,0,168105,542262,0,2
RC103,25,5,0.25,CRG,Feasible,3900,2818,27.74,3600,1070.06,0,179474,470764,0,2
RC103,25,5,0.5,CRG,Feasible,3911,2917,25.42,3600,1070.06,0,179286,667480,0,2
RC104,25,0,0,CRG,Feasible,3106,3106,0,182,999.55,0,30731,26644,0,0
RC104,25,1,0.25,CRG,Feasible,3134,3134,0,786,999.6,0,28711,46562,0,2
RC104,25,1,0.5,CRG,Feasible,3686,3127,15.17,3601,999.6,0,97183,163180,0,3
RC104,25,3,0.25,CRG,Feasible,3152,3152,0,904,999.6,0,34429,61309,0,2
RC104,25,3,0.5,CRG,Feasible,3686,3143,14.73,3600,999.6,0,85406,150924,0,3
RC104,25,5,0.25,CRG,Feasible,3152,3152,0,758,999.6,0,25382,53983,0,2
RC104,25,5,0.5,CRG,Feasible,3704,3161,14.66,3601,999.6,0,83594,148526,0,3
RC105,25,0,0,CRG,Feasible,4199,4199,0,12,2566.78,0,6585,5554,0,0
RC105,25,1,0.25,CRG,Feasible,4647,4647,0,72,3152.59,0,27705,31536,0,0
RC105,25,1,0.5,CRG,Infeasible,0,0,0,0,0,0,0,0,0,0
RC105,25,3,0.25,CRG,Feasible,4647,4647,0,72,3152.59,0,29308,29101,0,0
RC105,25,3,0.5,CRG,Infeasible,0,0,0,0,0,0,0,0,0,0
RC105,25,5,0.25,CRG,Feasible,4647,4647,0,72,3152.59,0,29308,29101,0,0
RC105,25,5,0.5,CRG,Infeasible,0,0,0,0,0,0,0,0,0,0
RC106,25,0,0,CRG,Feasible,3463,3463,0,23,1226.59,0,7037,5840,0,0
RC106,25,1,0.25,CRG,Feasible,3463,3463,0,16,1262.46,0,5520,5934,0,0
RC106,25,1,0.5,CRG,Feasible,3969,3575,9.93,3600,1262.46,0,405842,216460,0,2
RC106,25,3,0.25,CRG,Feasible,3472,3472,0,131,1262.46,0,8615,20279,0,2
RC106,25,3,0.5,CRG,Feasible,4303,3536,17.82,3600,1262.46,0,83497,228111,0,3
RC106,25,5,0.25,CRG,Feasible,3969,3599,9.32,3600,1262.46,0,817691,439338,0,1
RC106,25,5,0.5,CRG,Feasible,4303,3513,18.36,3600,1262.46,0,60240,202590,0,3
RC107,25,0,0,CRG,Feasible,3020,3020,0,66,948.89,0,10372,7347,0,0
RC107,25,1,0.25,CRG,Feasible,3022,3022,0,155,948.83,0,10282,17777,0,1
RC107,25,1,0.5,CRG,Feasible,3052,3052,0,534,968.62,0,6576,34291,0,3
RC107,25,3,0.25,CRG,Feasible,3050,3050,0,557,948.83,0,26362,31216,0,2
RC107,25,3,0.5,CRG,Feasible,3054,3054,0,290,968.62,0,10428,21332,0,2
RC107,25,5,0.25,CRG,Feasible,3050,3050,0,184,948.83,0,6328,11612,0,2
RC107,25,5,0.5,CRG,Feasible,3141,3141,0,514,968.62,0,10175,26451,0,3
RC108,25,0,0,CRG,Feasible,2945,2945,0,473,941.92,0,72121,36704,0,0
RC108,25,1,0.25,CRG,Feasible,2963,2963,0,1160,941.91,0,61792,74679,0,1
RC108,25,1,0.5,CRG,Feasible,2986,2986,0,3561,941.91,0,48146,118337,0,3
RC108,25,3,0.25,CRG,Feasible,2963,2963,0,3003,941.91,0,154720,193439,0,1
RC108,25,3,0.5,CRG,Feasible,3049,3049,0,3234,941.91,0,47479,92301,0,3
RC108,25,5,0.25,CRG,Feasible,2963,2693,9.11,3600,941.91,0,219588,302830,0,1
RC108,25,5,0.5,CRG,Feasible,3058,2506,18.05,3600,941.91,0,47927,116643,0,3
RC201,25,0,0,CRG,Feasible,3602,3602,0,2,2724.92,0,1,32,0,0
RC201,25,1,0.25,CRG,Feasible,3602,3602,0,0,2724.92,0,1,31,0,0
RC201,25,1,0.5,CRG,Feasible,3602,3602,0,0,2724.92,0,1,32,0,0
RC201,25,3,0.25,CRG,Feasible,3602,3602,0,0,2724.92,0,1,31,0,0
RC201,25,3,0.5,CRG,Feasible,3602,3602,0,0,2724.92,0,1,32,0,0
RC201,25,5,0.25,CRG,Feasible,3602,3602,0,0,2724.92,0,1,31,0,0
RC201,25,5,0.5,CRG,Feasible,3602,3602,0,0,2724.92,0,1,32,0,0
RC202,25,0,0,CRG,Feasible,3380,3297,2.46,3600,1252.4,0,994775,337675,0,0
RC202,25,1,0.25,CRG,Feasible,3380,3364,0.47,3600,1252.4,0,1119553,292315,0,0
RC202,25,1,0.5,CRG,Feasible,3380,3285,2.81,3600,1252.4,0,1083620,297434,0,0
RC202,25,3,0.25,CRG,Feasible,3380,3353,0.8,3600,1252.4,0,1109211,292033,0,0
RC202,25,3,0.5,CRG,Feasible,3380,3285,2.81,3600,1252.4,0,1084072,297537,0,0
RC202,25,5,0.25,CRG,Feasible,3380,3278,3.02,3600,1252.4,0,1095425,332363,0,0
RC202,25,5,0.5,CRG,Feasible,3380,3286,2.78,3600,1252.4,0,1093828,299374,0,0
RC203,25,0,0,CRG,Feasible,3269,2497,23.62,3601,1070.28,0,610497,571431,0,0
RC203,25,1,0.25,CRG,Feasible,3269,2404,26.46,3600,1070.28,0,663989,674855,0,0
RC203,25,1,0.5,CRG,Feasible,3269,2332,28.66,3600,1070.28,0,654713,639370,0,0
RC203,25,3,0.25,CRG,Feasible,3269,2405,26.43,3600,1070.28,0,664759,675478,0,0
RC203,25,3,0.5,CRG,Feasible,3269,2332,28.66,3600,1070.28,0,655991,640506,0,0
RC203,25,5,0.25,CRG,Feasible,3269,2405,26.43,3600,1070.28,0,665378,675961,0,0
RC203,25,5,0.5,CRG,Feasible,3269,2332,28.66,3601,1070.28,0,655379,640049,0,0
RC204,25,0,0,CRG,Feasible,2997,2190,26.93,3601,996.43,0,567194,491309,0,0
RC204,25,1,0.25,CRG,Feasible,2997,2225,25.76,3600,996.43,0,544931,444749,0,0
RC204,25,1,0.5,CRG,Feasible,2997,2210,26.26,3600,996.43,0,574174,492307,0,0
RC204,25,3,0.25,CRG,Feasible,2997,2150,28.26,3600,996.43,0,560802,494374,0,0
RC204,25,3,0.5,CRG,Feasible,2997,2211,26.23,3600,996.43,0,575470,493345,0,0
RC204,25,5,0.25,CRG,Feasible,2997,2150,28.26,3600,996.43,0,560117,493741,0,0
RC204,25,5,0.5,CRG,Feasible,2997,2212,26.19,3600,996.43,0,581740,498590,0,0
RC205,25,0,0,CRG,Feasible,3380,3380,0,13,1926.96,0,3658,2067,0,0
RC205,25,1,0.25,CRG,Feasible,3380,3380,0,10,1926.96,0,3254,1714,0,0
RC205,25,1,0.5,CRG,Feasible,3380,3380,0,9,1926.96,0,3073,1867,0,0
RC205,25,3,0.25,CRG,Feasible,3380,3380,0,10,1926.96,0,3254,1714,0,0
RC205,25,3,0.5,CRG,Feasible,3380,3380,0,9,1926.96,0,3073,1867,0,0
RC205,25,5,0.25,CRG,Feasible,3380,3380,0,10,1926.96,0,3254,1714,0,0
RC205,25,5,0.5,CRG,Feasible,3380,3380,0,9,1926.96,0,3073,1867,0,0
RC206,25,0,0,CRG,Feasible,3240,3240,0,16,1287.7,0,3885,3620,0,0
RC206,25,1,0.25,CRG,Feasible,3240,3240,0,13,1299.44,0,3039,3391,0,0
RC206,25,1,0.5,CRG,Feasible,3252,3252,0,34,1299.44,0,3387,5595,0,1
RC206,25,3,0.25,CRG,Feasible,3252,3252,0,40,1299.44,0,3941,6937,0,1
RC206,25,3,0.5,CRG,Feasible,3292,3292,0,54,1299.44,0,3189,5712,0,2
RC206,25,5,0.25,CRG,Feasible,3292,3292,0,86,1299.44,0,4903,6960,0,2
RC206,25,5,0.5,CRG,Feasible,3292,3292,0,63,1299.44,0,3702,6707,0,2
RC207,25,0,0,CRG,Feasible,2983,2546,14.65,3601,995.47,0,720052,705668,0,0
RC207,25,1,0.25,CRG,Feasible,2983,2550,14.52,3600,995.47,0,713156,640567,0,0
RC207,25,1,0.5,CRG,Feasible,2983,2552,14.45,3600,995.47,0,733511,698802,0,0
RC207,25,3,0.25,CRG,Feasible,2983,2550,14.52,3600,995.47,0,712964,640379,0,0
RC207,25,3,0.5,CRG,Feasible,2983,2552,14.45,3600,995.47,0,735769,700745,0,0
RC207,25,5,0.25,CRG,Feasible,2983,2550,14.52,3600,995.47,0,715143,642189,0,0
RC207,25,5,0.5,CRG,Feasible,2983,2552,14.45,3600,995.47,0,734117,699316,0,0
RC208,25,0,0,CRG,Feasible,2661,2079,21.87,3601,929.03,0,629231,424810,0,0
RC208,25,1,0.25,CRG,Feasible,2661,2115,20.52,3600,929.03,0,669192,431291,0,0
RC208,25,1,0.5,CRG,Feasible,2661,2076,21.98,3600,929.03,0,659999,453003,0,0
RC208,25,3,0.25,CRG,Feasible,2661,2050,22.96,3600,929.03,0,682904,404905,0,0
RC208,25,3,0.5,CRG,Feasible,2661,2101,21.04,3600,929.03,0,639783,391040,0,0
RC208,25,5,0.25,CRG,Feasible,2661,2144,19.43,3600,929.03,0,621627,358187,0,0
RC208,25,5,0.5,CRG,Feasible,2661,2196,17.47,3600,929.03,0,683070,483771,0,0