C101,25,0,0.0,3310, 974
C101,25,1,0.25,3280, 968
C101,25,1,0.5,3270, 965
C101,25,3,0.25,3280, 968
C101,25,3,0.5,3270, 965
C101,25,5,0.25,3280, 968
C101,25,5,0.5,3270, 965
C102,25,0,0.0,4750, 2576
C102,25,1,0.25,4720, 2570
C102,25,1,0.5,4710, 2567
C102,25,3,0.25,4720, 2570
C102,25,3,0.5,4710, 2567
C102,25,5,0.25,4720, 2570
C102,25,5,0.5,4710, 2567
C103,25,0,0.0,5690, 3961
C103,25,1,0.25,5680, 3959
C103,25,1,0.5,5670, 3956
C103,25,3,0.25,5680, 3959
C103,25,3,0.5,5670, 3956
C103,25,5,0.25,5680, 3959
C103,25,5,0.5,5670, 3956
C104,25,0,0.0,6040, 4784
C104,25,1,0.25,6030, 4782
C104,25,1,0.5,6030, 4782
C104,25,3,0.25,6030, 4782
C104,25,3,0.5,6030, 4782
C104,25,5,0.25,6030, 4782
C104,25,5,0.5,6030, 4782
C105,25,0,0.0,3560, 1295
C105,25,1,0.25,3540, 1288
C105,25,1,0.5,3520, 1280
C105,25,3,0.25,3540, 1288
C105,25,3,0.5,3520, 1280
C105,25,5,0.25,3540, 1288
C105,25,5,0.5,3520, 1280
C106,25,0,0.0,3330, 997
C106,25,1,0.25,3290, 986
C106,25,1,0.5,3290, 986
C106,25,3,0.25,3290, 986
C106,25,3,0.5,3290, 986
C106,25,5,0.25,3290, 986
C106,25,5,0.5,3290, 986
C107,25,0,0.0,3790, 1638
C107,25,1,0.25,3780, 1636
C107,25,1,0.5,3780, 1636
C107,25,3,0.25,3780, 1636
C107,25,3,0.5,3780, 1636
C107,25,5,0.25,3780, 1636
C107,25,5,0.5,3780, 1636
C108,25,0,0.0,4320, 2091
C108,25,1,0.25,4310, 2086
C108,25,1,0.5,4270, 2074
C108,25,3,0.25,4310, 2086
C108,25,3,0.5,4270, 2074
C108,25,5,0.25,4310, 2086
C108,25,5,0.5,4270, 2074
C109,25,0,0.0,4820, 2613
C109,25,1,0.25,4810, 2607
C109,25,1,0.5,4810, 2607
C109,25,3,0.25,4810, 2607
C109,25,3,0.5,4810, 2607
C109,25,5,0.25,4810, 2607
C109,25,5,0.5,4810, 2607
C201,25,0,0.0,3530, 992
C201,25,1,0.25,3530, 992
C201,25,1,0.5,3530, 992
C201,25,3,0.25,3530, 992
C201,25,3,0.5,3530, 992
C201,25,5,0.25,3530, 992
C201,25,5,0.5,3530, 992
C202,25,0,0.0,4980, 2712
C202,25,1,0.25,4980, 2712
C202,25,1,0.5,4980, 2712
C202,25,3,0.25,4980, 2712
C202,25,3,0.5,4980, 2712
C202,25,5,0.25,4980, 2712
C202,25,5,0.5,4980, 2712
C203,25,0,0.0,5840, 4121
C203,25,1,0.25,5840, 4121
C203,25,1,0.5,5840, 4121
C203,25,3,0.25,5840, 4121
C203,25,3,0.5,5840, 4121
C203,25,5,0.25,5840, 4121
C203,25,5,0.5,5840, 4121
C204,25,0,0.0,6220, 4964
C204,25,1,0.25,6220, 4964
C204,25,1,0.5,6220, 4964
C204,25,3,0.25,6220, 4964
C204,25,3,0.5,6220, 4964
C204,25,5,0.25,6220, 4964
C204,25,5,0.5,6220, 4964
C205,25,0,0.0,3930, 1152
C205,25,1,0.25,3910, 1148
C205,25,1,0.5,3910, 1148
C205,25,3,0.25,3910, 1148
C205,25,3,0.5,3910, 1148
C205,25,5,0.25,3910, 1148
C205,25,5,0.5,3910, 1148
C206,25,0,0.0,4150, 1344
C206,25,1,0.25,4150, 1344
C206,25,1,0.5,4140, 1340
C206,25,3,0.25,4150, 1344
C206,25,3,0.5,4140, 1340
C206,25,5,0.25,4150, 1344
C206,25,5,0.5,4140, 1340
C207,25,0,0.0,4640, 2032
C207,25,1,0.25,4640, 2032
C207,25,1,0.5,4640, 2032
C207,25,3,0.25,4640, 2032
C207,25,3,0.5,4640, 2032
C207,25,5,0.25,4640, 2032
C207,25,5,0.5,4640, 2032
C208,25,0,0.0,4380, 1808
C208,25,1,0.25,4380, 1808
C208,25,1,0.5,4380, 1808
C208,25,3,0.25,4380, 1808
C208,25,3,0.5,4380, 1808
C208,25,5,0.25,4380, 1808
C208,25,5,0.5,4380, 1808
R101,25,0,0.0,2267, 733
R101,25,1,0.25,2071, 679
R101,25,1,0.5,1861, 620
R101,25,3,0.25,2071, 679
R101,25,3,0.5,1861, 620
R101,25,5,0.25,2071, 679
R101,25,5,0.5,1861, 620
R102,25,0,0.0,4081, 2404
R102,25,1,0.25,3908, 2345
R102,25,1,0.5,3697, 2280
R102,25,3,0.25,3908, 2345
R102,25,3,0.5,3697, 2280
R102,25,5,0.25,3908, 2345
R102,25,5,0.5,3697, 2280
R103,25,0,0.0,5045, 3681
R103,25,1,0.25,4890, 3610
R103,25,1,0.5,4747, 3561
R103,25,3,0.25,4890, 3610
R103,25,3,0.5,4747, 3561
R103,25,5,0.25,4890, 3610
R103,25,5,0.5,4747, 3561
R104,25,0,0.0,5554, 4529
R104,25,1,0.25,5450, 4466
R104,25,1,0.5,5337, 4424
R104,25,3,0.25,5450, 4466
R104,25,3,0.5,5337, 4424
R104,25,5,0.25,5450, 4466
R104,25,5,0.5,5337, 4424
R105,25,0,0.0,2942, 1053
R105,25,1,0.25,2777, 1000
R105,25,1,0.5,2413, 882
R105,25,3,0.25,2777, 1000
R105,25,3,0.5,2413, 882
R105,25,5,0.25,2777, 1000
R105,25,5,0.5,2413, 882
R106,25,0,0.0,4518, 2706
R106,25,1,0.25,4344, 2638
R106,25,1,0.5,4130, 2555
R106,25,3,0.25,4344, 2638
R106,25,3,0.5,4130, 2555
R106,25,5,0.25,4344, 2638
R106,25,5,0.5,4130, 2555
R107,25,0,0.0,5330, 3926
R107,25,1,0.25,5146, 3828
R107,25,1,0.5,4950, 3750
R107,25,3,0.25,5146, 3828
R107,25,3,0.5,4950, 3750
R107,25,5,0.25,5146, 3828
R107,25,5,0.5,4950, 3750
R108,25,0,0.0,5736, 4718
R108,25,1,0.25,5605, 4639
R108,25,1,0.5,5470, 4577
R108,25,3,0.25,5605, 4639
R108,25,3,0.5,5470, 4577
R108,25,5,0.25,5605, 4639
R108,25,5,0.5,5470, 4577
R109,25,0,0.0,4033, 1637
R109,25,1,0.25,3718, 1517
R109,25,1,0.5,3354, 1385
R109,25,3,0.25,3718, 1517
R109,25,3,0.5,3354, 1385
R109,25,5,0.25,3718, 1517
R109,25,5,0.5,3354, 1385
R110,25,0,0.0,5088, 2619
R110,25,1,0.25,4749, 2434
R110,25,1,0.5,4381, 2234
R110,25,3,0.25,4749, 2434
R110,25,3,0.5,4381, 2234
R110,25,5,0.25,4749, 2434
R110,25,5,0.5,4381, 2234
R111,25,0,0.0,5103, 3096
R111,25,1,0.25,4912, 3001
R111,25,1,0.5,4637, 2852
R111,25,3,0.25,4912, 3001
R111,25,3,0.5,4637, 2852
R111,25,5,0.25,4912, 3001
R111,25,5,0.5,4637, 2852
R112,25,0,0.0,6156, 3888
R112,25,1,0.25,5997, 3775
R112,25,1,0.5,5833, 3676
R112,25,3,0.25,5997, 3775
R112,25,3,0.5,5833, 3676
R112,25,5,0.25,5997, 3775
R112,25,5,0.5,5833, 3676
R201,25,0,0.0,3918, 1518
R201,25,1,0.25,3858, 1497
R201,25,1,0.5,3819, 1486
R201,25,3,0.25,3858, 1497
R201,25,3,0.5,3819, 1486
R201,25,5,0.25,3858, 1497
R201,25,5,0.5,3819, 1486
R202,25,0,0.0,5137, 3014
R202,25,1,0.25,5107, 3005
R202,25,1,0.5,5087, 3000
R202,25,3,0.25,5107, 3005
R202,25,3,0.5,5087, 3000
R202,25,5,0.25,5107, 3005
R202,25,5,0.5,5087, 3000
R203,25,0,0.0,5906, 4255
R203,25,1,0.25,5886, 4249
R203,25,1,0.5,5886, 4249
R203,25,3,0.25,5886, 4249
R203,25,3,0.5,5886, 4249
R203,25,5,0.25,5886, 4249
R203,25,5,0.5,5886, 4249
R204,25,0,0.0,6226, 5104
R204,25,1,0.25,6206, 5098
R204,25,1,0.5,6206, 5098
R204,25,3,0.25,6206, 5098
R204,25,3,0.5,6206, 5098
R204,25,5,0.25,6206, 5098
R204,25,5,0.5,6206, 5098
R205,25,0,0.0,4937, 2286
R205,25,1,0.25,4817, 2247
R205,25,1,0.5,4767, 2230
R205,25,3,0.25,4817, 2247
R205,25,3,0.5,4767, 2230
R205,25,5,0.25,4817, 2247
R205,25,5,0.5,4767, 2230
R206,25,0,0.0,5697, 3529
R206,25,1,0.25,5597, 3498
R206,25,1,0.5,5567, 3489
R206,25,3,0.25,5597, 3498
R206,25,3,0.5,5567, 3489
R206,25,5,0.25,5597, 3498
R206,25,5,0.5,5567, 3489
R207,25,0,0.0,6136, 4586
R207,25,1,0.25,6086, 4573
R207,25,1,0.5,6056, 4564
R207,25,3,0.25,6086, 4573
R207,25,3,0.5,6056, 4564
R207,25,5,0.25,6086, 4573
R207,25,5,0.5,6056, 4564
R208,25,0,0.0,6316, 5342
R208,25,1,0.25,6296, 5338
R208,25,1,0.5,6286, 5336
R208,25,3,0.25,6296, 5338
R208,25,3,0.5,6286, 5336
R208,25,5,0.25,6296, 5338
R208,25,5,0.5,6286, 5336
R209,25,0,0.0,5426, 2664
R209,25,1,0.25,5386, 2640
R209,25,1,0.5,5357, 2630
R209,25,3,0.25,5386, 2640
R209,25,3,0.5,5357, 2630
R209,25,5,0.25,5386, 2640
R209,25,5,0.5,5357, 2630
R210,25,0,0.0,5536, 3235
R210,25,1,0.25,5496, 3221
R210,25,1,0.5,5436, 3201
R210,25,3,0.25,5496, 3221
R210,25,3,0.5,5436, 3201
R210,25,5,0.25,5496, 3221
R210,25,5,0.5,5436, 3201
R211,25,0,0.0,6416, 3660
R211,25,1,0.25,6376, 3637
R211,25,1,0.5,6356, 3625
R211,25,3,0.25,6376, 3637
R211,25,3,0.5,6356, 3625
R211,25,5,0.25,6376, 3637
R211,25,5,0.5,6356, 3625
RC101,25,0,0.0,2705, 949
RC101,25,1,0.25,2536, 895
RC101,25,1,0.5,2378, 843
RC101,25,3,0.25,2536, 895
RC101,25,3,0.5,2378, 843
RC101,25,5,0.25,2536, 895
RC101,25,5,0.5,2378, 843
RC102,25,0,0.0,4026, 2408
RC102,25,1,0.25,3882, 2326
RC102,25,1,0.5,3701, 2226
RC102,25,3,0.25,3882, 2326
RC102,25,3,0.5,3701, 2226
RC102,25,5,0.25,3882, 2326
RC102,25,5,0.5,3701, 2226
RC103,25,0,0.0,4984, 3659
RC103,25,1,0.25,4820, 3555
RC103,25,1,0.5,4645, 3441
RC103,25,3,0.25,4820, 3555
RC103,25,3,0.5,4645, 3441
RC103,25,5,0.25,4820, 3555
RC103,25,5,0.5,4645, 3441
RC104,25,0,0.0,5507, 4466
RC104,25,1,0.25,5378, 4385
RC104,25,1,0.5,5224, 4286
RC104,25,3,0.25,5378, 4385
RC104,25,3,0.5,5224, 4286
RC104,25,5,0.25,5378, 4385
RC104,25,5,0.5,5224, 4286
RC105,25,0,0.0,3646, 1669
RC105,25,1,0.25,3376, 1542
RC105,25,1,0.5,3135, 1446
RC105,25,3,0.25,3376, 1542
RC105,25,3,0.5,3135, 1446
RC105,25,5,0.25,3376, 1542
RC105,25,5,0.5,3135, 1446
RC106,25,0,0.0,3853, 1592
RC106,25,1,0.25,3514, 1451
RC106,25,1,0.5,3214, 1331
RC106,25,3,0.25,3514, 1451
RC106,25,3,0.5,3214, 1331
RC106,25,5,0.25,3514, 1451
RC106,25,5,0.5,3214, 1331
RC107,25,0,0.0,4993, 2618
RC107,25,1,0.25,4644, 2421
RC107,25,1,0.5,4301, 2234
RC107,25,3,0.25,4644, 2421
RC107,25,3,0.5,4301, 2234
RC107,25,5,0.25,4644, 2421
RC107,25,5,0.5,4301, 2234
RC108,25,0,0.0,5692, 3425
RC108,25,1,0.25,5471, 3289
RC108,25,1,0.5,5141, 3070
RC108,25,3,0.25,5471, 3289
RC108,25,3,0.5,5141, 3070
RC108,25,5,0.25,5471, 3289
RC108,25,5,0.5,5141, 3070
RC201,25,0,0.0,3970, 1468
RC201,25,1,0.25,3890, 1439
RC201,25,1,0.5,3800, 1415
RC201,25,3,0.25,3890, 1439
RC201,25,3,0.5,3800, 1415
RC201,25,5,0.25,3890, 1439
RC201,25,5,0.5,3800, 1415
RC202,25,0,0.0,5220, 3010
RC202,25,1,0.25,5180, 2998
RC202,25,1,0.5,5130, 2985
RC202,25,3,0.25,5180, 2998
RC202,25,3,0.5,5130, 2985
RC202,25,5,0.25,5180, 2998
RC202,25,5,0.5,5130, 2985
RC203,25,0,0.0,5950, 4293
RC203,25,1,0.25,5920, 4284
RC203,25,1,0.5,5910, 4282
RC203,25,3,0.25,5920, 4284
RC203,25,3,0.5,5910, 4282
RC203,25,5,0.25,5920, 4284
RC203,25,5,0.5,5910, 4282
RC204,25,0,0.0,6260, 5136
RC204,25,1,0.25,6240, 5131
RC204,25,1,0.5,6230, 5129
RC204,25,3,0.25,6240, 5131
RC204,25,3,0.5,6230, 5129
RC204,25,5,0.25,6240, 5131
RC204,25,5,0.5,6230, 5129
RC205,25,0,0.0,4820, 2166
RC205,25,1,0.25,4740, 2144
RC205,25,1,0.5,4670, 2116
RC205,25,3,0.25,4740, 2144
RC205,25,3,0.5,4670, 2116
RC205,25,5,0.25,4740, 2144
RC205,25,5,0.5,4670, 2116
RC206,25,0,0.0,4940, 2306
RC206,25,1,0.25,4850, 2283
RC206,25,1,0.5,4790, 2266
RC206,25,3,0.25,4850, 2283
RC206,25,3,0.5,4790, 2266
RC206,25,5,0.25,4850, 2283
RC206,25,5,0.5,4790, 2266
RC207,25,0,0.0,5660, 2792
RC207,25,1,0.25,5600, 2764
RC207,25,1,0.5,5540, 2738
RC207,25,3,0.25,5600, 2764
RC207,25,3,0.5,5540, 2738
RC207,25,5,0.25,5600, 2764
RC207,25,5,0.5,5540, 2738
RC208,25,0,0.0,6480, 3775
RC208,25,1,0.25,6470, 3769
RC208,25,1,0.5,6430, 3746
RC208,25,3,0.25,6470, 3769
RC208,25,3,0.5,6430, 3746
RC208,25,5,0.25,6470, 3769
RC208,25,5,0.5,6430, 3746
C101,50,0,0.0,12160, 3312
C101,50,1,0.25,12000, 3278
C101,50,1,0.5,11830, 3237
C101,50,3,0.25,12000, 3278
C101,50,3,0.5,11830, 3237
C101,50,5,0.25,12000, 3278
C101,50,5,0.5,11830, 3237
C102,50,0,0.0,17530, 9205
C102,50,1,0.25,17390, 9168
C102,50,1,0.5,17260, 9122
C102,50,3,0.25,17390, 9168
C102,50,3,0.5,17260, 9122
C102,50,5,0.25,17390, 9168
C102,50,5,0.5,17260, 9122
C103,50,0,0.0,21870, 15064
C103,50,1,0.25,21790, 15032
C103,50,1,0.5,21670, 14982
C103,50,3,0.25,21790, 15032
C103,50,3,0.5,21670, 14982
C103,50,5,0.25,21790, 15032
C103,50,5,0.5,21670, 14982
C104,50,0,0.0,24610, 21233
C104,50,1,0.25,24600, 21231
C104,50,1,0.5,24580, 21227
C104,50,3,0.25,24600, 21231
C104,50,3,0.5,24580, 21227
C104,50,5,0.25,24600, 21231
C104,50,5,0.5,24580, 21227
C105,50,0,0.0,13360, 4502
C105,50,1,0.25,13190, 4449
C105,50,1,0.5,13070, 4405
C105,50,3,0.25,13190, 4449
C105,50,3,0.5,13070, 4405
C105,50,5,0.25,13190, 4449
C105,50,5,0.5,13070, 4405
C106,50,0,0.0,12690, 3829
C106,50,1,0.25,12530, 3787
C106,50,1,0.5,12410, 3757
C106,50,3,0.25,12530, 3787
C106,50,3,0.5,12410, 3757
C106,50,5,0.25,12530, 3787
C106,50,5,0.5,12410, 3757
C107,50,0,0.0,14440, 5687
C107,50,1,0.25,14380, 5670
C107,50,1,0.5,14270, 5639
C107,50,3,0.25,14380, 5670
C107,50,3,0.5,14270, 5639
C107,50,5,0.25,14380, 5670
C107,50,5,0.5,14270, 5639
C108,50,0,0.0,16340, 7314
C108,50,1,0.25,16230, 7280
C108,50,1,0.5,16030, 7211
C108,50,3,0.25,16230, 7280
C108,50,3,0.5,16030, 7211
C108,50,5,0.25,16230, 7280
C108,50,5,0.5,16030, 7211
C109,50,0,0.0,18850, 9521
C109,50,1,0.25,18730, 9475
C109,50,1,0.5,18550, 9398
C109,50,3,0.25,18730, 9475
C109,50,3,0.5,18550, 9398
C109,50,5,0.25,18730, 9475
C109,50,5,0.5,18550, 9398
C201,50,0,0.0,13390, 3429
C201,50,1,0.25,13330, 3415
C201,50,1,0.5,13290, 3405
C201,50,3,0.25,13330, 3415
C201,50,3,0.5,13290, 3405
C201,50,5,0.25,13330, 3415
C201,50,5,0.5,13290, 3405
C202,50,0,0.0,18910, 9762
C202,50,1,0.25,18870, 9753
C202,50,1,0.5,18840, 9745
C202,50,3,0.25,18870, 9753
C202,50,3,0.5,18840, 9745
C202,50,5,0.25,18870, 9753
C202,50,5,0.5,18840, 9745
C203,50,0,0.0,22520, 15276
C203,50,1,0.25,22510, 15274
C203,50,1,0.5,22500, 15272
C203,50,3,0.25,22510, 15274
C203,50,3,0.5,22500, 15272
C203,50,5,0.25,22510, 15274
C203,50,5,0.5,22500, 15272
C204,50,0,0.0,25050, 21647
C204,50,1,0.25,25050, 21647
C204,50,1,0.5,25050, 21647
C204,50,3,0.25,25050, 21647
C204,50,3,0.5,25050, 21647
C204,50,5,0.25,25050, 21647
C204,50,5,0.5,25050, 21647
C205,50,0,0.0,14790, 4303
C205,50,1,0.25,14710, 4285
C205,50,1,0.5,14680, 4276
C205,50,3,0.25,14710, 4285
C205,50,3,0.5,14680, 4276
C205,50,5,0.25,14710, 4285
C205,50,5,0.5,14680, 4276
C206,50,0,0.0,15880, 5367
C206,50,1,0.25,15820, 5349
C206,50,1,0.5,15770, 5335
C206,50,3,0.25,15820, 5349
C206,50,3,0.5,15770, 5335
C206,50,5,0.25,15820, 5349
C206,50,5,0.5,15770, 5335
C207,50,0,0.0,18090, 7924
C207,50,1,0.25,17980, 7872
C207,50,1,0.5,17930, 7846
C207,50,3,0.25,17980, 7872
C207,50,3,0.5,17930, 7846
C207,50,5,0.25,17980, 7872
C207,50,5,0.5,17930, 7846
C208,50,0,0.0,16880, 6812
C208,50,1,0.25,16830, 6787
C208,50,1,0.5,16780, 6765
C208,50,3,0.25,16830, 6787
C208,50,3,0.5,16780, 6765
C208,50,5,0.25,16830, 6787
C208,50,5,0.5,16780, 6765
R101,50,0,0.0,8017, 2331
R101,50,1,0.25,7076, 2082
R101,50,1,0.5,6322, 1884
R101,50,3,0.25,7076, 2082
R101,50,3,0.5,6322, 1884
R101,50,5,0.25,7076, 2082
R101,50,5,0.5,6322, 1884
R102,50,0,0.0,14569, 8304
R102,50,1,0.25,13731, 7951
R102,50,1,0.5,12860, 7594
R102,50,3,0.25,13731, 7951
R102,50,3,0.5,12860, 7594
R102,50,5,0.25,13731, 7951
R102,50,5,0.5,12860, 7594
R103,50,0,0.0,18886, 13302
R103,50,1,0.25,18183, 12890
R103,50,1,0.5,17311, 12400
R103,50,3,0.25,18183, 12890
R103,50,3,0.5,17311, 12400
R103,50,5,0.25,18183, 12890
R103,50,5,0.5,17311, 12400
R104,50,0,0.0,22572, 19592
R104,50,1,0.25,22239, 19372
R104,50,1,0.5,21876, 19170
R104,50,3,0.25,22239, 19372
R104,50,3,0.5,21876, 19170
R104,50,5,0.25,22239, 19372
R104,50,5,0.5,21876, 19170
R105,50,0,0.0,10284, 3587
R105,50,1,0.25,9337, 3247
R105,50,1,0.5,8286, 2905
R105,50,3,0.25,9337, 3247
R105,50,3,0.5,8286, 2905
R105,50,5,0.25,9337, 3247
R105,50,5,0.5,8286, 2905
R106,50,0,0.0,16203, 9588
R106,50,1,0.25,15366, 9236
R106,50,1,0.5,14341, 8746
R106,50,3,0.25,15366, 9236
R106,50,3,0.5,14341, 8746
R106,50,5,0.25,15366, 9236
R106,50,5,0.5,14341, 8746
R107,50,0,0.0,19947, 14368
R107,50,1,0.25,19332, 14033
R107,50,1,0.5,18372, 13464
R107,50,3,0.25,19332, 14033
R107,50,3,0.5,18372, 13464
R107,50,5,0.25,19332, 14033
R107,50,5,0.5,18372, 13464
R108,50,0,0.0,22961, 20008
R108,50,1,0.25,22643, 19798
R108,50,1,0.5,22241, 19554
R108,50,3,0.25,22643, 19798
R108,50,3,0.5,22241, 19554
R108,50,5,0.25,22643, 19798
R108,50,5,0.5,22241, 19554
R109,50,0,0.0,14690, 6186
R109,50,1,0.25,13241, 5607
R109,50,1,0.5,11938, 5069
R109,50,3,0.25,13241, 5607
R109,50,3,0.5,11938, 5069
R109,50,5,0.25,13241, 5607
R109,50,5,0.5,11938, 5069
R110,50,0,0.0,19127, 10557
R110,50,1,0.25,17778, 9790
R110,50,1,0.5,16436, 9058
R110,50,3,0.25,17778, 9790
R110,50,3,0.5,16436, 9058
R110,50,5,0.25,17778, 9790
R110,50,5,0.5,16436, 9058
R111,50,0,0.0,19328, 11422
R111,50,1,0.25,18272, 10840
R111,50,1,0.5,17091, 10152
R111,50,3,0.25,18272, 10840
R111,50,3,0.5,17091, 10152
R111,50,5,0.25,18272, 10840
R111,50,5,0.5,17091, 10152
R112,50,0,0.0,23621, 15138
R112,50,1,0.25,22822, 14578
R112,50,1,0.5,21939, 13997
R112,50,3,0.25,22822, 14578
R112,50,3,0.5,21939, 13997
R112,50,5,0.25,22822, 14578
R112,50,5,0.5,21939, 13997
R201,50,0,0.0,14935, 5610
R201,50,1,0.25,14646, 5522
R201,50,1,0.5,14367, 5425
R201,50,3,0.25,14646, 5522
R201,50,3,0.5,14367, 5425
R201,50,5,0.25,14646, 5522
R201,50,5,0.5,14367, 5425
R202,50,0,0.0,19683, 11381
R202,50,1,0.25,19524, 11335
R202,50,1,0.5,19374, 11279
R202,50,3,0.25,19524, 11335
R202,50,3,0.5,19374, 11279
R202,50,5,0.25,19524, 11335
R202,50,5,0.5,19374, 11279
R203,50,0,0.0,22841, 16233
R203,50,1,0.25,22741, 16205
R203,50,1,0.5,22701, 16189
R203,50,3,0.25,22741, 16205
R203,50,3,0.5,22701, 16189
R203,50,5,0.25,22741, 16205
R203,50,5,0.5,22701, 16189
R204,50,0,0.0,25071, 22012
R204,50,1,0.25,25031, 22000
R204,50,1,0.5,25011, 21995
R204,50,3,0.25,25031, 22000
R204,50,3,0.5,25011, 21995
R204,50,5,0.25,25031, 22000
R204,50,5,0.5,25011, 21995
R205,50,0,0.0,18671, 8838
R205,50,1,0.25,18331, 8704
R205,50,1,0.5,18063, 8598
R205,50,3,0.25,18331, 8704
R205,50,3,0.5,18063, 8598
R205,50,5,0.25,18331, 8704
R205,50,5,0.5,18063, 8598
R206,50,0,0.0,21781, 13620
R206,50,1,0.25,21541, 13534
R206,50,1,0.5,21352, 13461
R206,50,3,0.25,21541, 13534
R206,50,3,0.5,21352, 13461
R206,50,5,0.25,21541, 13534
R206,50,5,0.5,21352, 13461
R207,50,0,0.0,23820, 17667
R207,50,1,0.25,23720, 17633
R207,50,1,0.5,23611, 17596
R207,50,3,0.25,23720, 17633
R207,50,3,0.5,23611, 17596
R207,50,5,0.25,23720, 17633
R207,50,5,0.5,23611, 17596
R208,50,0,0.0,25250, 22660
R208,50,1,0.25,25220, 22653
R208,50,1,0.5,25191, 22646
R208,50,3,0.25,25220, 22653
R208,50,3,0.5,25191, 22646
R208,50,5,0.25,25220, 22653
R208,50,5,0.5,25191, 22646
R209,50,0,0.0,21461, 11210
R209,50,1,0.25,21231, 11112
R209,50,1,0.5,21052, 11037
R209,50,3,0.25,21231, 11112
R209,50,3,0.5,21052, 11037
R209,50,5,0.25,21231, 11112
R209,50,5,0.5,21052, 11037
R210,50,0,0.0,21741, 12393
R210,50,1,0.25,21471, 12280
R210,50,1,0.5,21191, 12139
R210,50,3,0.25,21471, 12280
R210,50,3,0.5,21191, 12139
R210,50,5,0.25,21471, 12280
R210,50,5,0.5,21191, 12139
R211,50,0,0.0,25150, 14382
R211,50,1,0.25,25060, 14331
R211,50,1,0.5,24810, 14185
R211,50,3,0.25,25060, 14331
R211,50,3,0.5,24810, 14185
R211,50,5,0.25,25060, 14331
R211,50,5,0.5,24810, 14185
RC101,50,0,0.0,8156, 2923
RC101,50,1,0.25,7095, 2515
RC101,50,1,0.5,6277, 2212
RC101,50,3,0.25,7095, 2515
RC101,50,3,0.5,6277, 2212
RC101,50,5,0.25,7095, 2515
RC101,50,5,0.5,6277, 2212
RC102,50,0,0.0,12895, 7699
RC102,50,1,0.25,11911, 7127
RC102,50,1,0.5,10948, 6568
RC102,50,3,0.25,11911, 7127
RC102,50,3,0.5,10948, 6568
RC102,50,5,0.25,11911, 7127
RC102,50,5,0.5,10948, 6568
RC103,50,0,0.0,16538, 11990
RC103,50,1,0.25,15653, 11382
RC103,50,1,0.5,14563, 10576
RC103,50,3,0.25,15653, 11382
RC103,50,3,0.5,14563, 10576
RC103,50,5,0.25,15653, 11382
RC103,50,5,0.5,14563, 10576
RC104,50,0,0.0,20091, 17219
RC104,50,1,0.25,19615, 16863
RC104,50,1,0.5,18702, 16077
RC104,50,3,0.25,19615, 16863
RC104,50,3,0.5,18702, 16077
RC104,50,5,0.25,19615, 16863
RC104,50,5,0.5,18702, 16077
RC105,50,0,0.0,11603, 5414
RC105,50,1,0.25,10413, 4809
RC105,50,1,0.5,9231, 4233
RC105,50,3,0.25,10413, 4809
RC105,50,3,0.5,9231, 4233
RC105,50,5,0.25,10413, 4809
RC105,50,5,0.5,9231, 4233
RC106,50,0,0.0,12038, 5182
RC106,50,1,0.25,10515, 4452
RC106,50,1,0.5,9221, 3875
RC106,50,3,0.25,10515, 4452
RC106,50,3,0.5,9221, 3875
RC106,50,5,0.25,10515, 4452
RC106,50,5,0.5,9221, 3875
RC107,50,0,0.0,16375, 9229
RC107,50,1,0.25,14769, 8253
RC107,50,1,0.5,13225, 7298
RC107,50,3,0.25,14769, 8253
RC107,50,3,0.5,13225, 7298
RC107,50,5,0.25,14769, 8253
RC107,50,5,0.5,13225, 7298
RC108,50,0,0.0,19327, 12309
RC108,50,1,0.25,18176, 11537
RC108,50,1,0.5,16676, 10480
RC108,50,3,0.25,18176, 11537
RC108,50,3,0.5,16676, 10480
RC108,50,5,0.25,18176, 11537
RC108,50,5,0.5,16676, 10480
RC201,50,0,0.0,14770, 5285
RC201,50,1,0.25,14250, 5105
RC201,50,1,0.5,13820, 4965
RC201,50,3,0.25,14250, 5105
RC201,50,3,0.5,13820, 4965
RC201,50,5,0.25,14250, 5105
RC201,50,5,0.5,13820, 4965
RC202,50,0,0.0,19670, 11159
RC202,50,1,0.25,19370, 11058
RC202,50,1,0.5,19110, 10978
RC202,50,3,0.25,19370, 11058
RC202,50,3,0.5,19110, 10978
RC202,50,5,0.25,19370, 11058
RC202,50,5,0.5,19110, 10978
RC203,50,0,0.0,22860, 16154
RC203,50,1,0.25,22700, 16103
RC203,50,1,0.5,22570, 16067
RC203,50,3,0.25,22700, 16103
RC203,50,3,0.5,22570, 16067
RC203,50,5,0.25,22700, 16103
RC203,50,5,0.5,22570, 16067
RC204,50,0,0.0,25100, 22034
RC204,50,1,0.25,25040, 22017
RC204,50,1,0.5,24950, 21997
RC204,50,3,0.25,25040, 22017
RC204,50,3,0.5,24950, 21997
RC204,50,5,0.25,25040, 22017
RC204,50,5,0.5,24950, 21997
RC205,50,0,0.0,18080, 8175
RC205,50,1,0.25,17630, 8024
RC205,50,1,0.5,17380, 7918
RC205,50,3,0.25,17630, 8024
RC205,50,3,0.5,17380, 7918
RC205,50,5,0.25,17630, 8024
RC205,50,5,0.5,17380, 7918
RC206,50,0,0.0,18430, 8804
RC206,50,1,0.25,17990, 8650
RC206,50,1,0.5,17650, 8519
RC206,50,3,0.25,17990, 8650
RC206,50,3,0.5,17650, 8519
RC206,50,5,0.25,17990, 8650
RC206,50,5,0.5,17650, 8519
RC207,50,0,0.0,21900, 11846
RC207,50,1,0.25,21540, 11681
RC207,50,1,0.5,21140, 11509
RC207,50,3,0.25,21540, 11681
RC207,50,3,0.5,21140, 11509
RC207,50,5,0.25,21540, 11681
RC207,50,5,0.5,21140, 11509
RC208,50,0,0.0,25360, 14847
RC208,50,1,0.25,25270, 14794
RC208,50,1,0.5,25130, 14711
RC208,50,3,0.25,25270, 14794
RC208,50,3,0.5,25130, 14711
RC208,50,5,0.25,25270, 14794
RC208,50,5,0.5,25130, 14711
C101,100,0,0.0,45030, 11731
C101,100,1,0.25,44060, 11506
C101,100,1,0.5,43080, 11269
C101,100,3,0.25,44060, 11506
C101,100,3,0.5,43080, 11269
C101,100,5,0.25,44060, 11506
C101,100,5,0.5,43080, 11269
C102,100,0,0.0,67030, 34622
C102,100,1,0.25,66160, 34278
C102,100,1,0.5,65210, 33776
C102,100,3,0.25,66160, 34278
C102,100,3,0.5,65210, 33776
C102,100,5,0.25,66160, 34278
C102,100,5,0.5,65210, 33776
C103,100,0,0.0,85620, 58900
C103,100,1,0.25,85000, 58522
C103,100,1,0.5,84050, 57804
C103,100,3,0.25,85000, 58522
C103,100,3,0.5,84050, 57804
C103,100,5,0.25,85000, 58522
C103,100,5,0.5,84050, 57804
C104,100,0,0.0,96100, 79852
C104,100,1,0.25,95920, 79726
C104,100,1,0.5,95500, 79408
C104,100,3,0.25,95920, 79726
C104,100,3,0.5,95500, 79408
C104,100,5,0.25,95920, 79726
C104,100,5,0.5,95500, 79408
C105,100,0,0.0,50390, 16483
C105,100,1,0.25,49140, 16087
C105,100,1,0.5,48190, 15794
C105,100,3,0.25,49140, 16087
C105,100,3,0.5,48190, 15794
C105,100,5,0.25,49140, 16087
C105,100,5,0.5,48190, 15794
C106,100,0,0.0,54020, 19123
C106,100,1,0.25,52890, 18746
C106,100,1,0.5,51970, 18442
C106,100,3,0.25,52890, 18746
C106,100,3,0.5,51970, 18442
C106,100,5,0.25,52890, 18746
C106,100,5,0.5,51970, 18442
C107,100,0,0.0,55930, 21622
C107,100,1,0.25,55140, 21347
C107,100,1,0.5,54080, 20980
C107,100,3,0.25,55140, 21347
C107,100,3,0.5,54080, 20980
C107,100,5,0.25,55140, 21347
C107,100,5,0.5,54080, 20980
C108,100,0,0.0,62930, 27706
C108,100,1,0.25,62070, 27386
C108,100,1,0.5,60990, 26989
C108,100,3,0.25,62070, 27386
C108,100,3,0.5,60990, 26989
C108,100,5,0.25,62070, 27386
C108,100,5,0.5,60990, 26989
C109,100,0,0.0,73970, 36778
C109,100,1,0.25,72970, 36411
C109,100,1,0.5,71870, 35953
C109,100,3,0.25,72970, 36411
C109,100,3,0.5,71870, 35953
C109,100,5,0.25,72970, 36411
C109,100,5,0.5,71870, 35953
C201,100,0,0.0,52020, 13070
C201,100,1,0.25,51770, 13001
C201,100,1,0.5,51500, 12930
C201,100,3,0.25,51770, 13001
C201,100,3,0.5,51500, 12930
C201,100,5,0.25,51770, 13001
C201,100,5,0.5,51500, 12930
C202,100,0,0.0,73480, 37465
C202,100,1,0.25,73280, 37414
C202,100,1,0.5,73100, 37366
C202,100,3,0.25,73280, 37414
C202,100,3,0.5,73100, 37366
C202,100,5,0.25,73280, 37414
C202,100,5,0.5,73100, 37366
C203,100,0,0.0,88840, 60381
C203,100,1,0.25,88710, 60348
C203,100,1,0.5,88590, 60311
C203,100,3,0.25,88710, 60348
C203,100,3,0.5,88590, 60311
C203,100,5,0.25,88710, 60348
C203,100,5,0.5,88590, 60311
C204,100,0,0.0,98000, 81419
C204,100,1,0.25,97930, 81404
C204,100,1,0.5,97860, 81389
C204,100,3,0.25,97930, 81404
C204,100,3,0.5,97860, 81389
C204,100,5,0.25,97930, 81404
C204,100,5,0.5,97860, 81389
C205,100,0,0.0,57090, 16498
C205,100,1,0.25,56760, 16411
C205,100,1,0.5,56420, 16319
C205,100,3,0.25,56760, 16411
C205,100,3,0.5,56420, 16319
C205,100,5,0.25,56760, 16411
C205,100,5,0.5,56420, 16319
C206,100,0,0.0,62210, 21312
C206,100,1,0.25,61810, 21189
C206,100,1,0.5,61440, 21065
C206,100,3,0.25,61810, 21189
C206,100,3,0.5,61440, 21065
C206,100,5,0.25,61810, 21189
C206,100,5,0.5,61440, 21065
C207,100,0,0.0,65650, 24825
C207,100,1,0.25,65330, 24691
C207,100,1,0.5,65060, 24585
C207,100,3,0.25,65330, 24691
C207,100,3,0.5,65060, 24585
C207,100,5,0.25,65330, 24691
C207,100,5,0.5,65060, 24585
C208,100,0,0.0,66510, 26647
C208,100,1,0.25,66160, 26491
C208,100,1,0.5,65980, 26430
C208,100,3,0.25,66160, 26491
C208,100,3,0.5,65980, 26430
C208,100,5,0.25,66160, 26491
C208,100,5,0.5,65980, 26430
R101,100,0,0.0,32097, 8640
R101,100,1,0.25,28666, 7745
R101,100,1,0.5,25691, 6967
R101,100,3,0.25,28666, 7745
R101,100,3,0.5,25691, 6967
R101,100,5,0.25,28666, 7745
R101,100,5,0.5,25691, 6967
R102,100,0,0.0,56589, 31742
R102,100,1,0.25,53178, 30424
R102,100,1,0.5,50149, 29214
R102,100,3,0.25,53178, 30424
R102,100,3,0.5,50149, 29214
R102,100,5,0.25,53178, 30424
R102,100,5,0.5,50149, 29214
R103,100,0,0.0,74206, 52979
R103,100,1,0.25,71415, 51551
R103,100,1,0.5,68511, 49976
R103,100,3,0.25,71415, 51551
R103,100,3,0.5,68511, 49976
R103,100,5,0.25,71415, 51551
R103,100,5,0.5,68511, 49976
R104,100,0,0.0,87504, 73607
R104,100,1,0.25,85972, 72772
R104,100,1,0.5,84347, 71812
R104,100,3,0.25,85972, 72772
R104,100,3,0.5,84347, 71812
R104,100,5,0.25,85972, 72772
R104,100,5,0.5,84347, 71812
R105,100,0,0.0,41420, 13476
R105,100,1,0.25,37365, 12142
R105,100,1,0.5,33753, 10982
R105,100,3,0.25,37365, 12142
R105,100,3,0.5,33753, 10982
R105,100,5,0.25,37365, 12142
R105,100,5,0.5,33753, 10982
R106,100,0,0.0,63488, 36213
R106,100,1,0.25,59996, 34882
R106,100,1,0.5,56568, 33383
R106,100,3,0.25,59996, 34882
R106,100,3,0.5,56568, 33383
R106,100,5,0.25,59996, 34882
R106,100,5,0.5,56568, 33383
R107,100,0,0.0,78580, 56453
R107,100,1,0.25,76048, 55239
R107,100,1,0.5,73287, 53716
R107,100,3,0.25,76048, 55239
R107,100,3,0.5,73287, 53716
R107,100,5,0.25,76048, 55239
R107,100,5,0.5,73287, 53716
R108,100,0,0.0,89521, 75418
R108,100,1,0.25,88190, 74661
R108,100,1,0.5,86737, 73805
R108,100,3,0.25,88190, 74661
R108,100,3,0.5,86737, 73805
R108,100,5,0.25,88190, 74661
R108,100,5,0.5,86737, 73805
R109,100,0,0.0,58609, 23844
R109,100,1,0.25,53181, 21738
R109,100,1,0.5,48250, 19749
R109,100,3,0.25,53181, 21738
R109,100,3,0.5,48250, 19749
R109,100,5,0.25,53181, 21738
R109,100,5,0.5,48250, 19749
R110,100,0,0.0,76334, 40143
R110,100,1,0.25,71454, 37535
R110,100,1,0.5,65931, 34630
R110,100,3,0.25,71454, 37535
R110,100,3,0.5,65931, 34630
R110,100,5,0.25,71454, 37535
R110,100,5,0.5,65931, 34630
R111,100,0,0.0,75918, 44102
R111,100,1,0.25,71907, 41953
R111,100,1,0.5,67529, 39493
R111,100,3,0.25,71907, 41953
R111,100,3,0.5,67529, 39493
R111,100,5,0.25,71907, 41953
R111,100,5,0.5,67529, 39493
R112,100,0,0.0,94382, 59030
R112,100,1,0.25,91291, 56972
R112,100,1,0.5,87763, 54652
R112,100,3,0.25,91291, 56972
R112,100,3,0.5,87763, 54652
R112,100,5,0.25,91291, 56972
R112,100,5,0.5,87763, 54652
R201,100,0,0.0,58660, 20905
R201,100,1,0.25,57661, 20604
R201,100,1,0.5,56682, 20294
R201,100,3,0.25,57661, 20604
R201,100,3,0.5,56682, 20294
R201,100,5,0.25,57661, 20604
R201,100,5,0.5,56682, 20294
R202,100,0,0.0,76987, 42329
R202,100,1,0.25,76418, 42174
R202,100,1,0.5,75788, 41984
R202,100,3,0.25,76418, 42174
R202,100,3,0.5,75788, 41984
R202,100,5,0.25,76418, 42174
R202,100,5,0.5,75788, 41984
R203,100,0,0.0,90323, 63446
R203,100,1,0.25,90063, 63376
R203,100,1,0.5,89853, 63312
R203,100,3,0.25,90063, 63376
R203,100,3,0.5,89853, 63312
R203,100,5,0.25,90063, 63376
R203,100,5,0.5,89853, 63312
R204,100,0,0.0,98411, 82912
R204,100,1,0.25,98291, 82881
R204,100,1,0.5,98161, 82850
R204,100,3,0.25,98291, 82881
R204,100,3,0.5,98161, 82850
R204,100,5,0.25,98291, 82881
R204,100,5,0.5,98161, 82850
R205,100,0,0.0,72715, 32209
R205,100,1,0.25,71725, 31839
R205,100,1,0.5,70787, 31508
R205,100,3,0.25,71725, 31839
R205,100,3,0.5,70787, 31508
R205,100,5,0.25,71725, 31839
R205,100,5,0.5,70787, 31508
R206,100,0,0.0,84954, 50471
R206,100,1,0.25,84294, 50228
R206,100,1,0.5,83695, 50020
R206,100,3,0.25,84294, 50228
R206,100,3,0.5,83695, 50020
R206,100,5,0.25,84294, 50228
R206,100,5,0.5,83695, 50020
R207,100,0,0.0,93662, 68841
R207,100,1,0.25,93392, 68749
R207,100,1,0.5,93173, 68677
R207,100,3,0.25,93392, 68749
R207,100,3,0.5,93173, 68677
R207,100,5,0.25,93392, 68749
R207,100,5,0.5,93173, 68677
R208,100,0,0.0,99340, 85684
R208,100,1,0.25,99270, 85668
R208,100,1,0.5,99211, 85655
R208,100,3,0.25,99270, 85668
R208,100,3,0.5,99211, 85655
R208,100,5,0.25,99270, 85668
R208,100,5,0.5,99211, 85655
R209,100,0,0.0,85263, 42897
R209,100,1,0.25,84263, 42455
R209,100,1,0.5,83474, 42113
R209,100,3,0.25,84263, 42455
R209,100,3,0.5,83474, 42113
R209,100,5,0.25,84263, 42455
R209,100,5,0.5,83474, 42113
R210,100,0,0.0,85363, 47720
R210,100,1,0.25,84653, 47398
R210,100,1,0.5,83835, 46994
R210,100,3,0.25,84653, 47398
R210,100,3,0.5,83835, 46994
R210,100,5,0.25,84653, 47398
R210,100,5,0.5,83835, 46994
R211,100,0,0.0,99880, 56068
R211,100,1,0.25,99320, 55737
R211,100,1,0.5,98622, 55323
R211,100,3,0.25,99320, 55737
R211,100,3,0.5,98622, 55323
R211,100,5,0.25,99320, 55737
R211,100,5,0.5,98622, 55323
RC101,100,0,0.0,35524, 11683
RC101,100,1,0.25,31225, 10174
RC101,100,1,0.5,27460, 8873
RC101,100,3,0.25,31225, 10174
RC101,100,3,0.5,27460, 8873
RC101,100,5,0.25,31225, 10174
RC101,100,5,0.5,27460, 8873
RC102,100,0,0.0,55764, 31866
RC102,100,1,0.25,51719, 29907
RC102,100,1,0.5,47924, 27997
RC102,100,3,0.25,51719, 29907
RC102,100,3,0.5,47924, 27997
RC102,100,5,0.25,51719, 29907
RC102,100,5,0.5,47924, 27997
RC103,100,0,0.0,71027, 51230
RC103,100,1,0.25,67864, 49356
RC103,100,1,0.5,64361, 46978
RC103,100,3,0.25,67864, 49356
RC103,100,3,0.5,64361, 46978
RC103,100,5,0.25,67864, 49356
RC103,100,5,0.5,64361, 46978
RC104,100,0,0.0,83786, 69903
RC104,100,1,0.25,81818, 68644
RC104,100,1,0.5,79341, 66744
RC104,100,3,0.25,81818, 68644
RC104,100,3,0.5,79341, 66744
RC104,100,5,0.25,81818, 68644
RC104,100,5,0.5,79341, 66744
RC105,100,0,0.0,49689, 21281
RC105,100,1,0.25,44967, 19099
RC105,100,1,0.5,39872, 16922
RC105,100,3,0.25,44967, 19099
RC105,100,3,0.5,39872, 16922
RC105,100,5,0.25,44967, 19099
RC105,100,5,0.5,39872, 16922
RC106,100,0,0.0,51712, 21007
RC106,100,1,0.25,46255, 18617
RC106,100,1,0.5,41088, 16413
RC106,100,3,0.25,46255, 18617
RC106,100,3,0.5,41088, 16413
RC106,100,5,0.25,46255, 18617
RC106,100,5,0.5,41088, 16413
RC107,100,0,0.0,69532, 36353
RC107,100,1,0.25,63657, 33033
RC107,100,1,0.5,58095, 29904
RC107,100,3,0.25,63657, 33033
RC107,100,3,0.5,58095, 29904
RC107,100,5,0.25,63657, 33033
RC107,100,5,0.5,58095, 29904
RC108,100,0,0.0,83437, 50351
RC108,100,1,0.25,78960, 47485
RC108,100,1,0.5,73802, 44103
RC108,100,3,0.25,78960, 47485
RC108,100,3,0.5,73802, 44103
RC108,100,5,0.25,78960, 47485
RC108,100,5,0.5,73802, 44103
RC201,100,0,0.0,58546, 19775
RC201,100,1,0.25,56996, 19250
RC201,100,1,0.5,55616, 18785
RC201,100,3,0.25,56996, 19250
RC201,100,3,0.5,55616, 18785
RC201,100,5,0.25,56996, 19250
RC201,100,5,0.5,55616, 18785
RC202,100,0,0.0,77335, 41795
RC202,100,1,0.25,76405, 41507
RC202,100,1,0.5,75485, 41231
RC202,100,3,0.25,76405, 41507
RC202,100,3,0.5,75485, 41231
RC202,100,5,0.25,76405, 41507
RC202,100,5,0.5,75485, 41231
RC203,100,0,0.0,90445, 63125
RC203,100,1,0.25,89935, 62975
RC203,100,1,0.5,89305, 62807
RC203,100,3,0.25,89935, 62975
RC203,100,3,0.5,89305, 62807
RC203,100,5,0.25,89935, 62975
RC203,100,5,0.5,89305, 62807
RC204,100,0,0.0,98474, 82915
RC204,100,1,0.25,98234, 82855
RC204,100,1,0.5,97824, 82757
RC204,100,3,0.25,98234, 82855
RC204,100,3,0.5,97824, 82757
RC204,100,5,0.25,98234, 82855
RC204,100,5,0.5,97824, 82757
RC205,100,0,0.0,71187, 30052
RC205,100,1,0.25,69867, 29634
RC205,100,1,0.5,68667, 29183
RC205,100,3,0.25,69867, 29634
RC205,100,3,0.5,68667, 29183
RC205,100,5,0.25,69867, 29634
RC205,100,5,0.5,68667, 29183
RC206,100,0,0.0,72986, 33003
RC206,100,1,0.25,71636, 32519
RC206,100,1,0.5,70306, 32039
RC206,100,3,0.25,71636, 32519
RC206,100,3,0.5,70306, 32039
RC206,100,5,0.25,71636, 32519
RC206,100,5,0.5,70306, 32039
RC207,100,0,0.0,86545, 44489
RC207,100,1,0.25,85225, 43936
RC207,100,1,0.5,84065, 43446
RC207,100,3,0.25,85225, 43936
RC207,100,3,0.5,84065, 43446
RC207,100,5,0.25,85225, 43936
RC207,100,5,0.5,84065, 43446
RC208,100,0,0.0,100644, 57538
RC208,100,1,0.25,100224, 57288
RC208,100,1,0.5,99695, 56975
RC208,100,3,0.25,100224, 57288
RC208,100,3,0.5,99695, 56975
RC208,100,5,0.25,100224, 57288
RC208,100,5,0.5,99695, 56975
