Instance,Size,Budget,Dev,UB_CF,UB_TIF,UB_CRG,UB_ILS,BKS,LB_CF,gap_CF,Opt_CF,gap_root_CF,Tree_CF,Runtime_CF,LB_TIF,gap_TIF,Opt_TIF,gap_root_TIF,Tree_TIF,TIF_cuts,Runtime_TIF,LB_CRG,gap_CRG,Opt_CRG,gap_root_CRG,Tree_CRG,Scenarios_CRG,Runtime_CRG,Best_ILS,gap_ILS_best,Avg_ILS,gap_ILS_avg,Opt_ILS,Runtime_ILS
C101,25,0,0.0,1913,1913,1913,1913.0,1913.0,1913,0.0,1,0.0,1,0,1913,0.0,1,0.0,1,0,1,1913,0.0,1,0.0,1,0,1,1913.0,0.0,1913.0,0.0,1,0.16
C101,25,1,0.25,1913,1913,1913,1913.0,1913.0,1913,0.0,1,0.0,1,0,1913,0.0,1,0.0,1,0,1,1913,0.0,1,0.0,1,0,0,1913.0,0.0,1913.0,0.0,1,0.19
C101,25,1,0.5,2356,2356,2356,2356.0,2356.0,2356,0.0,1,1914.2,7,1,2356,0.0,1,1913.0,1,3,1,2356,0.0,1,1913.0,7,1,2,2356.0,0.0,2356.0,0.0,1,0.28
C101,25,3,0.25,1913,1913,1913,1913.0,1913.0,1913,0.0,1,0.0,1,0,1913,0.0,1,0.0,1,0,0,1913,0.0,1,0.0,1,0,0,1913.0,0.0,1913.0,0.0,1,0.25
C101,25,3,0.5,2419,2419,2419,2419.0,2419.0,2419,0.0,1,1919.33,5,1,2419,0.0,1,1913.0,1,5,0,2419,0.0,1,1913.0,1,2,0,2419.0,0.0,2432.4,0.55,1,0.32
C101,25,5,0.25,2356,2356,2356,2356.0,2356.0,2356,0.0,1,1913.55,12,1,2356,0.0,1,1913.0,1,3,0,2356,0.0,1,1913.0,10,1,0,2356.0,0.0,2356.0,0.0,1,0.4
C101,25,5,0.5,2419,2419,2419,2419.0,2419.0,2419,0.0,1,1921.22,4,1,2419,0.0,1,1913.0,1,5,0,2419,0.0,1,1913.0,1,1,0,2419.0,0.0,2445.8,1.11,1,0.4
C102,25,0,0.0,1903,1903,1903,1903.0,1903.0,1903,0.0,1,1527.81,1013,4,1903,0.0,1,1528.1,1707,0,4,1903,0.0,1,1528.1,1166,0,3,1903.0,0.0,1903.0,0.0,1,0.15
C102,25,1,0.25,1903,1903,1903,1903.0,1903.0,1903,0.0,1,1530.68,701,4,1903,0.0,1,1530.92,413,260,2,1903,0.0,1,1530.92,738,0,2,1903.0,0.0,1903.0,0.0,1,0.17
C102,25,1,0.5,2204,2204,2204,2204.0,2204.0,2204,0.0,1,1530.77,4701,70,2204,0.0,1,1530.92,2837,2525,19,2204,0.0,1,1530.92,3524,1,30,2204.0,0.0,2204.0,0.0,1,0.23
C102,25,3,0.25,1903,1903,1903,1903.0,1903.0,1903,0.0,1,1530.68,867,10,1903,0.0,1,1530.92,406,279,2,1903,0.0,1,1530.92,738,0,2,1903.0,0.0,1903.0,0.0,1,0.22
C102,25,3,0.5,2204,2204,2204,2204.0,2204.0,2204,0.0,1,1531.45,848,12,2204,0.0,1,1530.92,913,709,6,2204,0.0,1,1530.92,1426,1,11,2204.0,0.0,2204.0,0.0,1,0.29
C102,25,5,0.25,2204,2204,2204,2204.0,2204.0,2204,0.0,1,1530.72,3853,149,2204,0.0,1,1530.92,3476,2897,24,2204,0.0,1,1530.92,3222,1,36,2204.0,0.0,2204.0,0.0,1,0.29
C102,25,5,0.5,2204,2204,2204,2204.0,2204.0,2204,0.0,1,1531.75,799,20,2204,0.0,1,1530.92,941,693,6,2204,0.0,1,1530.92,1016,1,10,2204.0,0.0,2204.0,0.0,1,0.32
C103,25,0,0.0,1903,1903,1903,1903.0,1903.0,1903,0.0,1,1265.44,20906,131,1903,0.0,1,1265.69,23351,0,118,1903,0.0,1,1265.73,17661,0,76,1903.0,0.0,1903.0,0.0,1,0.15
C103,25,1,0.25,1903,1903,1903,1903.0,1903.0,1903,0.0,1,1265.44,18068,307,1903,0.0,1,1265.69,11673,9492,115,1903,0.0,1,1265.73,15850,0,70,1903.0,0.0,1903.0,0.0,1,0.17
C103,25,1,0.5,1939,1939,1939,1939.0,1939.0,1939,0.0,1,1265.45,38526,642,1939,0.0,1,1265.69,13258,10804,146,1939,0.0,1,1265.73,28540,1,341,1939.0,0.0,1939.0,0.0,1,0.2
C103,25,3,0.25,1903,1903,1903,1903.0,1903.0,1903,0.0,1,1265.71,17049,885,1903,0.0,1,1265.69,11142,10664,111,1903,0.0,1,1265.73,15850,0,70,1903.0,0.0,1903.0,0.0,1,0.17
C103,25,3,0.5,1939,1939,1939,1939.0,1939.0,1939,0.0,1,1265.45,29565,1309,1939,0.0,1,1265.69,11949,8786,133,1939,0.0,1,1265.73,43769,1,459,1939.0,0.0,1939.0,0.0,1,0.22
C103,25,5,0.25,1939,1939,1939,1939.0,1939.0,1902,1.91,0,1265.14,41012,3601,1939,0.0,1,1265.69,13298,10128,144,1939,0.0,1,1265.73,53910,1,530,1939.0,0.0,1939.0,0.0,1,0.25
C103,25,5,0.5,1939,1939,1939,1939.0,1939.0,1939,0.0,1,1265.15,31282,2991,1939,0.0,1,1265.69,11001,7256,113,1939,0.0,1,1265.73,32552,1,376,1939.0,0.0,1939.0,0.0,1,0.25
C104,25,0,0.0,1869,1869,1869,1869.0,1869.0,1869,0.0,1,1244.89,106872,973,1869,0.0,1,1244.89,143076,0,910,1869,0.0,1,1244.89,132541,0,814,1869.0,0.0,1869.0,0.0,1,0.14
C104,25,1,0.25,1869,1869,1869,1869.0,1869.0,1869,0.0,1,1244.89,93001,1963,1869,0.0,1,1244.89,47510,34900,764,1869,0.0,1,1244.89,106439,0,637,1869.0,0.0,1869.0,0.0,1,0.15
C104,25,1,0.5,1900,1900,1900,1900.0,1900.0,1846,2.84,0,1244.89,147670,3600,1900,0.0,1,1244.89,139612,82272,3458,1885,0.79,0,1244.89,303363,1,3601,1900.0,0.0,1900.0,0.0,1,0.16
C104,25,3,0.25,1869,1869,1869,1869.0,1869.0,1828,2.19,0,1244.89,60177,3601,1869,0.0,1,1244.89,58590,42744,1010,1869,0.0,1,1244.89,106439,0,647,1869.0,0.0,1869.0,0.0,1,0.18
C104,25,3,0.5,1900,1900,1900,1900.0,1900.0,1782,6.21,0,1244.89,45017,3600,1900,0.0,1,1244.89,111120,65893,2587,1868,1.68,0,1244.89,285681,1,3600,1900.0,0.0,1900.0,0.0,1,0.22
C104,25,5,0.25,1900,1900,1900,1900.0,1900.0,1779,6.37,0,1244.87,27733,3601,1866,1.79,0,1244.89,150868,143478,3600,1863,1.95,0,1244.89,292100,1,3600,1900.0,0.0,1900.0,0.0,1,0.21
C104,25,5,0.5,1900,1900,1900,1900.0,1900.0,1779,6.37,0,1244.87,28513,3601,1900,0.0,1,1244.89,113523,67008,2746,1853,2.47,0,1244.89,224512,1,3600,1900.0,0.0,1900.0,0.0,1,0.25
C105,25,0,0.0,1913,1913,1913,1913.0,1913.0,1913,0.0,1,1872.9,1,0,1913,0.0,1,1857.9,1,0,0,1913,0.0,1,1872.9,1,0,0,1913.0,0.0,1913.0,0.0,1,0.14
C105,25,1,0.25,1913,1913,1913,1913.0,1913.0,1913,0.0,1,1875.74,1,0,1913,0.0,1,1857.9,1,0,0,1913,0.0,1,1875.74,1,0,0,1913.0,0.0,1913.0,0.0,1,0.16
C105,25,1,0.5,1913,1913,1913,1913.0,1913.0,1913,0.0,1,1876.95,1,0,1913,0.0,1,1857.9,1,0,0,1913,0.0,1,1876.95,1,0,0,1913.0,0.0,1913.0,0.0,1,0.17
C105,25,3,0.25,1913,1913,1913,1913.0,1913.0,1913,0.0,1,1875.74,1,1,1913,0.0,1,1857.9,1,0,0,1913,0.0,1,1875.74,1,0,0,1913.0,0.0,1913.0,0.0,1,0.22
C105,25,3,0.5,1913,1913,1913,1913.0,1913.0,1913,0.0,1,1876.95,1,1,1913,0.0,1,1857.9,1,0,0,1913,0.0,1,1876.95,1,0,0,1913.0,0.0,1913.0,0.0,1,0.22
C105,25,5,0.25,1913,1913,1913,1913.0,1913.0,1913,0.0,1,1875.74,1,1,1913,0.0,1,1857.9,1,0,0,1913,0.0,1,1875.74,1,0,0,1913.0,0.0,1913.0,0.0,1,0.25
C105,25,5,0.5,1913,1913,1913,1913.0,1913.0,1913,0.0,1,1876.95,1,1,1913,0.0,1,1857.9,1,0,0,1913,0.0,1,1876.95,1,0,0,1913.0,0.0,1913.0,0.0,1,0.27
C106,25,0,0.0,1913,1913,1913,1913.0,1913.0,1913,0.0,1,0.0,1,0,1913,0.0,1,0.0,1,0,0,1913,0.0,1,0.0,1,0,0,1913.0,0.0,1913.0,0.0,1,0.14
C106,25,1,0.25,2356,2356,2356,2356.0,2356.0,2356,0.0,1,1914.33,9,0,2356,0.0,1,1913.0,1,3,0,2356,0.0,1,1913.0,9,1,0,2356.0,0.0,2356.0,0.0,1,0.27
C106,25,1,0.5,2386,2386,2386,2386.0,2386.0,2386,0.0,1,1917.97,10,0,2386,0.0,1,1913.0,1,4,0,2386,0.0,1,1913.0,16,2,1,2386.0,0.0,2386.0,0.0,1,0.26
C106,25,3,0.25,2356,2356,2356,2356.0,2356.0,2356,0.0,1,1916.58,14,0,2356,0.0,1,1913.0,1,3,0,2356,0.0,1,1913.0,16,1,0,2356.0,0.0,2356.0,0.0,1,0.32
C106,25,3,0.5,2486,2486,2486,2486.0,2486.0,2486,0.0,1,0.0,1,0,2486,0.0,1,1913.0,1,4,0,2486,0.0,1,1913.0,1,1,0,2486.0,0.0,2486.0,0.0,1,0.3
C106,25,5,0.25,2356,2356,2356,2356.0,2356.0,2356,0.0,1,1917.32,7,1,2356,0.0,1,1913.0,1,3,0,2356,0.0,1,1913.0,9,1,0,2356.0,0.0,2356.0,0.0,1,0.37
C106,25,5,0.5,2486,2486,2486,2486.0,2486.0,2486,0.0,1,0.0,1,1,2486,0.0,1,1913.0,1,4,0,2486,0.0,1,1913.0,1,1,0,2486.0,0.0,2486.0,0.0,1,0.34
C107,25,0,0.0,1913,1913,1913,1913.0,1913.0,1913,0.0,1,1771.52,1,0,1913,0.0,1,1771.52,1,0,0,1913,0.0,1,1771.52,1,0,0,1913.0,0.0,1913.0,0.0,1,0.15
C107,25,1,0.25,1913,1913,1913,1913.0,1913.0,1913,0.0,1,1771.52,1,0,1913,0.0,1,1771.52,1,0,0,1913,0.0,1,1771.52,1,0,0,1913.0,0.0,1913.0,0.0,1,0.18
C107,25,1,0.5,1913,1913,1913,1913.0,1913.0,1913,0.0,1,1771.52,1,0,1913,0.0,1,1771.52,1,0,0,1913,0.0,1,1771.52,1,0,0,1913.0,0.0,1913.0,0.0,1,0.17
C107,25,3,0.25,1913,1913,1913,1913.0,1913.0,1913,0.0,1,1771.52,1,1,1913,0.0,1,1771.52,1,0,0,1913,0.0,1,1771.52,1,0,0,1913.0,0.0,1913.0,0.0,1,0.2
C107,25,3,0.5,1913,1913,1913,1913.0,1913.0,1913,0.0,1,1771.52,1,1,1913,0.0,1,1771.52,1,0,0,1913,0.0,1,1771.52,1,0,0,1913.0,0.0,1913.0,0.0,1,0.21
C107,25,5,0.25,1913,1913,1913,1913.0,1913.0,1913,0.0,1,1771.52,1,1,1913,0.0,1,1771.52,1,0,0,1913,0.0,1,1771.52,1,0,0,1913.0,0.0,1913.0,0.0,1,0.24
C107,25,5,0.5,1913,1913,1913,1913.0,1913.0,1913,0.0,1,1771.52,1,1,1913,0.0,1,1771.52,1,0,0,1913,0.0,1,1771.52,1,0,0,1913.0,0.0,1913.0,0.0,1,0.24
C108,25,0,0.0,1913,1913,1913,1913.0,1913.0,1913,0.0,1,805.06,822,3,1913,0.0,1,803.9,299,0,1,1913,0.0,1,805.06,234,0,1,1913.0,0.0,1913.0,0.0,1,0.14
C108,25,1,0.25,1913,1913,1913,1913.0,1913.0,1913,0.0,1,805.08,452,3,1913,0.0,1,803.9,130,109,1,1913,0.0,1,805.06,283,0,1,1913.0,0.0,1913.0,0.0,1,0.15
C108,25,1,0.5,1913,1913,1913,1913.0,1913.0,1913,0.0,1,844.5,333,2,1913,0.0,1,844.25,151,94,1,1913,0.0,1,844.47,236,0,1,1913.0,0.0,1913.0,0.0,1,0.15
C108,25,3,0.25,1913,1913,1913,1913.0,1913.0,1913,0.0,1,805.09,215,5,1913,0.0,1,803.9,116,109,1,1913,0.0,1,805.06,283,0,1,1913.0,0.0,1913.0,0.0,1,0.19
C108,25,3,0.5,1913,1913,1913,1913.0,1913.0,1913,0.0,1,844.53,418,7,1913,0.0,1,844.25,154,98,1,1913,0.0,1,844.47,236,0,1,1913.0,0.0,1913.0,0.0,1,0.19
C108,25,5,0.25,1913,1913,1913,1913.0,1913.0,1913,0.0,1,805.09,244,8,1913,0.0,1,803.9,116,109,1,1913,0.0,1,805.06,283,0,1,1913.0,0.0,1913.0,0.0,1,0.21
C108,25,5,0.5,1913,1913,1913,1913.0,1913.0,1913,0.0,1,844.53,238,8,1913,0.0,1,844.25,154,98,1,1913,0.0,1,844.47,236,0,1,1913.0,0.0,1913.0,0.0,1,0.21
C109,25,0,0.0,1913,1913,1913,1913.0,1913.0,1913,0.0,1,787.74,5895,40,1913,0.0,1,787.74,5964,0,30,1913,0.0,1,787.74,6899,0,39,1913.0,0.0,1913.0,0.0,1,0.16
C109,25,1,0.25,1913,1913,1913,1913.0,1913.0,1913,0.0,1,787.74,6350,100,1913,0.0,1,787.74,3001,2273,26,1913,0.0,1,787.74,5416,0,30,1913.0,0.0,1913.0,0.0,1,0.18
C109,25,1,0.5,1913,1913,1913,1913.0,1913.0,1913,0.0,1,787.74,6090,123,1913,0.0,1,787.74,3979,2027,22,1913,0.0,1,787.74,5416,0,30,1913.0,0.0,1913.0,0.0,1,0.17
C109,25,3,0.25,1913,1913,1913,1913.0,1913.0,1913,0.0,1,787.74,6279,288,1913,0.0,1,787.74,3458,2486,29,1913,0.0,1,787.74,5416,0,30,1913.0,0.0,1913.0,0.0,1,0.23
C109,25,3,0.5,1913,1913,1913,1913.0,1913.0,1913,0.0,1,787.74,5885,326,1913,0.0,1,787.74,4397,2146,23,1913,0.0,1,787.74,5416,0,30,1913.0,0.0,1913.0,0.0,1,0.22
C109,25,5,0.25,1913,1913,1913,1913.0,1913.0,1913,0.0,1,787.74,6141,511,1913,0.0,1,787.74,3306,2479,28,1913,0.0,1,787.74,5416,0,30,1913.0,0.0,1913.0,0.0,1,0.24
C109,25,5,0.5,1913,1913,1913,1913.0,1913.0,1913,0.0,1,787.74,6207,611,1913,0.0,1,787.74,4097,2365,30,1913,0.0,1,787.74,5416,0,31,1913.0,0.0,1913.0,0.0,1,0.24
C201,25,0,0.0,2147,2147,2147,2147.0,2147.0,2147,0.0,1,0.0,1,0,2147,0.0,1,0.0,1,0,0,2147,0.0,1,0.0,1,0,0,2147.0,0.0,2147.0,0.0,1,0.14
C201,25,1,0.25,2147,2147,2147,2147.0,2147.0,2147,0.0,1,0.0,1,0,2147,0.0,1,0.0,1,0,0,2147,0.0,1,0.0,1,0,0,2147.0,0.0,2147.0,0.0,1,0.19
C201,25,1,0.5,2147,2147,2147,2147.0,2147.0,2147,0.0,1,0.0,1,0,2147,0.0,1,0.0,1,0,0,2147,0.0,1,0.0,1,0,0,2147.0,0.0,2147.0,0.0,1,0.18
C201,25,3,0.25,2147,2147,2147,2147.0,2147.0,2147,0.0,1,0.0,1,0,2147,0.0,1,0.0,1,0,0,2147,0.0,1,0.0,1,0,0,2147.0,0.0,2147.0,0.0,1,0.23
C201,25,3,0.5,2147,2147,2147,2147.0,2147.0,2147,0.0,1,0.0,1,0,2147,0.0,1,0.0,1,0,0,2147,0.0,1,0.0,1,0,0,2147.0,0.0,2147.0,0.0,1,0.24
C201,25,5,0.25,2147,2147,2147,2147.0,2147.0,2147,0.0,1,0.0,1,0,2147,0.0,1,0.0,1,0,0,2147,0.0,1,0.0,1,0,0,2147.0,0.0,2147.0,0.0,1,0.26
C201,25,5,0.5,2147,2147,2147,2147.0,2147.0,2147,0.0,1,0.0,1,0,2147,0.0,1,0.0,1,0,0,2147,0.0,1,0.0,1,0,0,2147.0,0.0,2147.0,0.0,1,0.28
C202,25,0,0.0,2147,2147,2147,2147.0,2147.0,2147,0.0,1,1592.55,2372,5,2147,0.0,1,1592.55,1783,0,4,2147,0.0,1,1592.55,2680,0,5,2147.0,0.0,2147.0,0.0,1,0.16
C202,25,1,0.25,2147,2147,2147,2147.0,2147.0,2147,0.0,1,1592.57,2601,11,2147,0.0,1,1592.55,2499,1184,11,2147,0.0,1,1592.55,2680,0,4,2147.0,0.0,2147.0,0.0,1,0.18
C202,25,1,0.5,2147,2147,2147,2147.0,2147.0,2147,0.0,1,1592.58,2192,9,2147,0.0,1,1592.55,1623,638,7,2147,0.0,1,1592.55,2045,0,4,2147.0,0.0,2147.0,0.0,1,0.18
C202,25,3,0.25,2147,2147,2147,2147.0,2147.0,2147,0.0,1,1592.58,2366,24,2147,0.0,1,1592.55,2499,1184,11,2147,0.0,1,1592.55,2680,0,4,2147.0,0.0,2147.0,0.0,1,0.22
C202,25,3,0.5,2147,2147,2147,2147.0,2147.0,2147,0.0,1,1592.62,1706,19,2147,0.0,1,1592.55,1623,638,7,2147,0.0,1,1592.55,2045,0,4,2147.0,0.0,2147.0,0.0,1,0.22
C202,25,5,0.25,2147,2147,2147,2147.0,2147.0,2147,0.0,1,1592.6,2587,46,2147,0.0,1,1592.55,2499,1184,11,2147,0.0,1,1592.55,2680,0,4,2147.0,0.0,2147.0,0.0,1,0.27
C202,25,5,0.5,2147,2147,2147,2147.0,2147.0,2147,0.0,1,1592.64,1937,34,2147,0.0,1,1592.55,2499,1184,11,2147,0.0,1,1592.55,2680,0,4,2147.0,0.0,2147.0,0.0,1,0.26
C203,25,0,0.0,2147,2147,2147,2147.0,2147.0,2147,0.0,1,1536.88,7647,54,2147,0.0,1,1536.88,9431,0,45,2147,0.0,1,1536.88,6649,0,30,2147.0,0.0,2147.0,0.0,1,0.16
C203,25,1,0.25,2147,2147,2147,2147.0,2147.0,2147,0.0,1,1536.88,8199,175,2147,0.0,1,1536.88,8174,2073,65,2147,0.0,1,1536.88,8614,0,43,2147.0,0.0,2147.0,0.0,1,0.17
C203,25,1,0.5,2147,2147,2147,2147.0,2147.0,2147,0.0,1,1536.88,7491,151,2147,0.0,1,1536.88,7692,2763,61,2147,0.0,1,1536.88,6649,0,30,2147.0,0.0,2147.0,0.0,1,0.19
C203,25,3,0.25,2147,2147,2147,2147.0,2147.0,2147,0.0,1,1536.88,7082,346,2147,0.0,1,1536.88,7692,2763,61,2147,0.0,1,1536.88,6649,0,30,2147.0,0.0,2147.0,0.0,1,0.18
C203,25,3,0.5,2147,2147,2147,2147.0,2147.0,2147,0.0,1,1536.88,7852,430,2147,0.0,1,1536.88,7692,2763,61,2147,0.0,1,1536.88,6649,0,30,2147.0,0.0,2147.0,0.0,1,0.19
C203,25,5,0.25,2147,2147,2147,2147.0,2147.0,2147,0.0,1,1536.88,8905,969,2147,0.0,1,1536.88,8174,2073,63,2147,0.0,1,1536.88,8614,0,43,2147.0,0.0,2147.0,0.0,1,0.21
C203,25,5,0.5,2147,2147,2147,2147.0,2147.0,2147,0.0,1,1536.88,7561,699,2147,0.0,1,1536.88,7692,2763,61,2147,0.0,1,1536.88,6649,0,30,2147.0,0.0,2147.0,0.0,1,0.2
C204,25,0,0.0,2131,2131,2131,2131.0,2131.0,2131,0.0,1,1477.43,136790,1297,2131,0.0,1,1477.43,208598,0,1520,2131,0.0,1,1477.43,213196,0,1450,2131.0,0.0,2136.6,0.26,1,0.26
C204,25,1,0.25,2131,2131,2131,2131.0,2131.0,2131,0.0,1,1477.43,126903,3187,2131,0.0,1,1477.43,121963,8943,1538,2131,0.0,1,1477.43,213196,0,1448,2131.0,0.0,2136.6,0.26,1,0.27
C204,25,1,0.5,2131,2131,2131,2131.0,2131.0,2131,0.0,1,1477.43,119717,2808,2131,0.0,1,1477.43,125518,8694,1541,2131,0.0,1,1477.43,213196,0,1433,2131.0,0.0,2131.0,0.0,1,0.29
C204,25,3,0.25,2131,2131,2131,2131.0,2131.0,2009,5.73,0,1477.43,42535,3601,2131,0.0,1,1477.43,108918,7111,1254,2131,0.0,1,1477.43,213196,0,1442,2131.0,0.0,2136.6,0.26,1,0.35
C204,25,3,0.5,2131,2131,2131,2131.0,2131.0,2036,4.46,0,1477.44,47646,3600,2131,0.0,1,1477.43,141304,13873,2444,2131,0.0,1,1477.43,213196,0,1416,2131.0,0.0,2136.6,0.26,1,0.32
C204,25,5,0.25,2131,2131,2131,2131.0,2131.0,2002,6.05,0,1477.43,22467,3601,2131,0.0,1,1477.43,131082,11909,2048,2131,0.0,1,1477.43,213196,0,1414,2131.0,0.0,2142.2,0.53,1,0.36
C204,25,5,0.5,2145,2145,2131,2145.0,2131.0,1967,7.7,0,1477.44,20849,3601,2107,1.13,0,1477.43,203688,17877,3600,2131,0.0,1,1477.43,193393,0,1234,2145.0,0.66,2145.0,0.66,0,0.35
C205,25,0,0.0,2147,2147,2147,2147.0,2147.0,2147,0.0,1,1758.41,1,0,2147,0.0,1,1758.32,1,0,0,2147,0.0,1,1758.41,1,0,0,2147.0,0.0,2147.0,0.0,1,0.13
C205,25,1,0.25,2147,2147,2147,2147.0,2147.0,2147,0.0,1,1784.12,1,0,2147,0.0,1,1778.95,1,0,0,2147,0.0,1,1784.05,1,0,0,2147.0,0.0,2147.0,0.0,1,0.16
C205,25,1,0.5,2147,2147,2147,2147.0,2147.0,2147,0.0,1,1784.19,1,0,2147,0.0,1,1778.95,1,0,0,2147,0.0,1,1784.05,1,0,0,2147.0,0.0,2147.0,0.0,1,0.17
C205,25,3,0.25,2147,2147,2147,2147.0,2147.0,2147,0.0,1,1784.15,1,1,2147,0.0,1,1778.95,1,0,0,2147,0.0,1,1784.05,1,0,0,2147.0,0.0,2147.0,0.0,1,0.18
C205,25,3,0.5,2147,2147,2147,2147.0,2147.0,2147,0.0,1,1784.26,1,1,2147,0.0,1,1778.95,1,0,0,2147,0.0,1,1784.05,1,0,0,2147.0,0.0,2147.0,0.0,1,0.19
C205,25,5,0.25,2147,2147,2147,2147.0,2147.0,2147,0.0,1,1784.15,1,1,2147,0.0,1,1778.95,1,0,0,2147,0.0,1,1784.05,1,0,0,2147.0,0.0,2147.0,0.0,1,0.22
C205,25,5,0.5,2147,2147,2147,2147.0,2147.0,2147,0.0,1,1784.26,1,1,2147,0.0,1,1778.95,1,0,0,2147,0.0,1,1784.05,1,0,0,2147.0,0.0,2147.0,0.0,1,0.21
C206,25,0,0.0,2147,2147,2147,2147.0,2147.0,2147,0.0,1,1578.32,34,0,2147,0.0,1,1576.64,8,0,0,2147,0.0,1,1578.32,7,0,0,2147.0,0.0,2147.0,0.0,1,0.13
C206,25,1,0.25,2147,2147,2147,2147.0,2147.0,2147,0.0,1,1578.35,37,1,2147,0.0,1,1576.64,7,15,0,2147,0.0,1,1578.32,7,0,0,2147.0,0.0,2147.0,0.0,1,0.14
C206,25,1,0.5,2147,2147,2147,2147.0,2147.0,2147,0.0,1,1578.38,27,1,2147,0.0,1,1576.64,7,18,0,2147,0.0,1,1578.32,12,0,0,2147.0,0.0,2147.0,0.0,1,0.13
C206,25,3,0.25,2147,2147,2147,2147.0,2147.0,2147,0.0,1,1578.35,21,1,2147,0.0,1,1576.64,7,15,0,2147,0.0,1,1578.32,7,0,0,2147.0,0.0,2147.0,0.0,1,0.16
C206,25,3,0.5,2147,2147,2147,2147.0,2147.0,2147,0.0,1,1578.38,18,1,2147,0.0,1,1576.64,7,18,0,2147,0.0,1,1578.32,12,0,0,2147.0,0.0,2147.0,0.0,1,0.16
C206,25,5,0.25,2147,2147,2147,2147.0,2147.0,2147,0.0,1,1578.35,14,2,2147,0.0,1,1576.64,7,15,0,2147,0.0,1,1578.32,7,0,0,2147.0,0.0,2147.0,0.0,1,0.18
C206,25,5,0.5,2147,2147,2147,2147.0,2147.0,2147,0.0,1,1578.38,16,2,2147,0.0,1,1576.64,7,18,0,2147,0.0,1,1578.32,12,0,0,2147.0,0.0,2147.0,0.0,1,0.18
C207,25,0,0.0,2145,2145,2145,2145.0,2145.0,2145,0.0,1,1683.61,85,1,2145,0.0,1,1676.75,116,0,1,2145,0.0,1,1683.61,57,0,1,2145.0,0.0,2145.0,0.0,1,0.13
C207,25,1,0.25,2145,2145,2145,2145.0,2145.0,2145,0.0,1,1683.61,182,1,2145,0.0,1,1676.75,37,28,1,2145,0.0,1,1683.61,80,0,1,2145.0,0.0,2145.0,0.0,1,0.13
C207,25,1,0.5,2145,2145,2145,2145.0,2145.0,2145,0.0,1,1683.61,197,1,2145,0.0,1,1676.75,37,28,1,2145,0.0,1,1683.61,80,0,1,2145.0,0.0,2145.0,0.0,1,0.13
C207,25,3,0.25,2145,2145,2145,2145.0,2145.0,2145,0.0,1,1683.61,116,3,2145,0.0,1,1676.75,37,28,1,2145,0.0,1,1683.61,80,0,1,2145.0,0.0,2145.0,0.0,1,0.15
C207,25,3,0.5,2145,2145,2145,2145.0,2145.0,2145,0.0,1,1683.61,90,2,2145,0.0,1,1676.75,37,28,1,2145,0.0,1,1683.61,57,0,1,2145.0,0.0,2145.0,0.0,1,0.15
C207,25,5,0.25,2145,2145,2145,2145.0,2145.0,2145,0.0,1,1683.61,109,4,2145,0.0,1,1676.75,37,28,1,2145,0.0,1,1683.61,80,0,1,2145.0,0.0,2145.0,0.0,1,0.16
C207,25,5,0.5,2145,2145,2145,2145.0,2145.0,2145,0.0,1,1683.61,88,4,2145,0.0,1,1676.75,37,28,1,2145,0.0,1,1683.61,57,0,1,2145.0,0.0,2145.0,0.0,1,0.15
C208,25,0,0.0,2145,2145,2145,2145.0,2145.0,2145,0.0,1,1501.09,198,1,2145,0.0,1,1500.26,334,0,1,2145,0.0,1,1501.09,220,0,1,2145.0,0.0,2145.0,0.0,1,0.13
C208,25,1,0.25,2145,2145,2145,2145.0,2145.0,2145,0.0,1,1501.12,204,1,2145,0.0,1,1500.26,309,14,1,2145,0.0,1,1501.09,220,0,1,2145.0,0.0,2145.0,0.0,1,0.13
C208,25,1,0.5,2145,2145,2145,2145.0,2145.0,2145,0.0,1,1501.14,230,2,2145,0.0,1,1500.26,309,14,1,2145,0.0,1,1501.09,220,0,1,2145.0,0.0,2145.0,0.0,1,0.13
C208,25,3,0.25,2145,2145,2145,2145.0,2145.0,2145,0.0,1,1501.12,221,3,2145,0.0,1,1500.26,309,14,1,2145,0.0,1,1501.09,220,0,1,2145.0,0.0,2145.0,0.0,1,0.14
C208,25,3,0.5,2145,2145,2145,2145.0,2145.0,2145,0.0,1,1501.14,347,4,2145,0.0,1,1500.26,309,14,1,2145,0.0,1,1501.09,220,0,1,2145.0,0.0,2145.0,0.0,1,0.16
C208,25,5,0.25,2145,2145,2145,2145.0,2145.0,2145,0.0,1,1501.12,329,6,2145,0.0,1,1500.26,309,14,1,2145,0.0,1,1501.09,220,0,1,2145.0,0.0,2145.0,0.0,1,0.16
C208,25,5,0.5,2145,2145,2145,2145.0,2145.0,2145,0.0,1,1501.14,278,6,2145,0.0,1,1500.26,309,14,1,2145,0.0,1,1501.09,220,0,1,2145.0,0.0,2145.0,0.0,1,0.16
R101,25,0,0.0,6156,6156,6156,6156.0,6156.0,6156,0.0,1,0.0,1,0,6156,0.0,1,0.0,1,0,0,6156,0.0,1,0.0,1,0,0,6156.0,0.0,6156.0,0.0,1,0.42
R101,25,1,0.25,6549,6549,6549,6549.0,6549.0,6549,0.0,1,6409.0,1,0,6549,0.0,1,6409.0,1,2,0,6549,0.0,1,6409.0,1,1,0,6549.0,0.0,6549.0,0.0,1,0.55
R101,25,1,0.5,0,0,0,1006992.0,0.0,0,,1,0.0,0,0,0,,1,0.0,0,0,0,0,,1,0.0,0,0,0,1006992.0,inf,1006992.0,inf,0,0.48
R101,25,3,0.25,6634,6634,6634,6634.0,6634.0,6634,0.0,1,6411.64,1,0,6634,0.0,1,6409.0,1,4,0,6634,0.0,1,6409.0,1,2,0,6634.0,0.0,6634.0,0.0,1,0.49
R101,25,3,0.5,0,0,0,1006992.0,0.0,0,,1,0.0,0,0,0,,1,0.0,0,0,0,0,,1,0.0,0,0,0,1006992.0,inf,1006992.0,inf,0,0.55
R101,25,5,0.25,6634,6634,6634,6634.0,6634.0,6634,0.0,1,6411.64,1,0,6634,0.0,1,6409.0,1,4,0,6634,0.0,1,6409.0,1,2,0,6634.0,0.0,6634.0,0.0,1,0.56
R101,25,5,0.5,0,0,0,1006992.0,0.0,0,,1,0.0,0,0,0,,1,0.0,0,0,0,0,,1,0.0,0,0,0,1006992.0,inf,1006992.0,inf,0,0.58
R102,25,0,0.0,5155,5155,5155,5155.0,5155.0,5155,0.0,1,3499.33,22270,103,5155,0.0,1,3499.33,22163,0,90,5155,0.0,1,3499.33,19552,0,68,5155.0,0.0,5155.0,0.0,1,0.35
R102,25,1,0.25,5292,5292,5292,5292.0,5292.0,5292,0.0,1,3836.7,9261,85,5292,0.0,1,3834.8,6469,6553,51,5292,0.0,1,3834.9,11806,0,46,5292.0,0.0,5292.0,0.0,1,0.44
R102,25,1,0.5,0,0,0,1005752.0,0.0,0,,1,0.0,0,0,0,,1,0.0,0,0,0,0,,1,0.0,0,0,0,1005752.0,inf,1005752.0,inf,0,0.55
R102,25,3,0.25,5370,5370,5370,5370.0,5370.0,5370,0.0,1,3837.66,7990,158,5370,0.0,1,3834.8,8238,9718,71,5370,0.0,1,3834.9,12921,1,114,5370.0,0.0,5370.0,0.0,1,0.49
R102,25,3,0.5,0,0,0,1005752.0,0.0,0,,1,0.0,0,0,0,,1,0.0,0,0,0,0,,1,0.0,0,0,0,1005752.0,inf,1005752.0,inf,0,0.76
R102,25,5,0.25,5370,5370,5370,5370.0,5370.0,5370,0.0,1,3837.68,12571,398,5370,0.0,1,3834.8,9422,10122,80,5370,0.0,1,3834.9,12921,1,115,5370.0,0.0,5370.0,0.0,1,0.58
R102,25,5,0.5,0,0,0,1005752.0,0.0,0,,1,0.0,0,0,0,,1,0.0,0,0,0,0,,1,0.0,0,0,0,1005752.0,inf,1005752.0,inf,0,0.81
R103,25,0,0.0,4521,4521,4521,4521.0,4521.0,4106,9.18,0,3037.79,466449,3600,4087,9.6,0,3037.63,649856,0,3600,4104,9.22,0,3037.79,664742,0,3600,4521.0,0.0,4543.2,0.49,1,0.3
R103,25,1,0.25,4521,4521,4521,4521.0,4521.0,4433,1.95,0,3275.85,174970,3600,4521,0.0,1,3275.3,45707,32332,539,4521,0.0,1,3275.56,501551,0,2646,4521.0,0.0,4589.4,1.51,1,0.31
R103,25,1,0.5,0,0,0,1004729.0,0.0,0,,1,0.0,0,0,0,,1,0.0,0,0,0,0,,1,0.0,0,0,0,1004729.0,inf,1004729.0,inf,0,0.47
R103,25,3,0.25,4635,4635,4521,4635.0,4635.0,4341,6.34,0,3275.98,87900,3600,4635,0.0,1,3275.3,91580,77432,1140,4433,4.36,0,3275.56,655225,0,3600,4635.0,0.0,4635.0,0.0,1,0.4
R103,25,3,0.5,0,0,0,1004729.0,0.0,0,,1,0.0,0,0,0,,1,0.0,0,0,0,0,,1,0.0,0,0,0,1004729.0,inf,1004729.0,inf,0,0.61
R103,25,5,0.25,4635,4635,4598,4635.0,4635.0,4212,9.13,0,3275.98,58765,3601,4635,0.0,1,3275.3,124165,98052,1660,3936,15.08,0,3275.56,11447,1,3600,4635.0,0.0,4635.0,0.0,1,0.5
R103,25,5,0.5,0,0,0,1004729.0,0.0,0,,1,0.0,0,1,0,,1,0.0,0,0,0,0,,1,0.0,0,0,0,1004729.0,inf,1004729.0,inf,0,0.71
R104,25,0,0.0,4090,4090,4090,4090.0,4090.0,3884,5.04,0,2877.33,375994,3600,3845,5.99,0,2876.87,573639,0,3601,3868,5.43,0,2877.33,633139,0,3601,4090.0,0.0,4090.0,0.0,1,0.25
R104,25,1,0.25,4109,4109,4090,4109.0,4109.0,3974,3.29,0,3155.55,155585,3600,4109,0.0,1,3155.01,50726,36580,666,3996,2.75,0,3155.46,601797,0,3600,4109.0,0.0,4109.0,0.0,1,0.34
R104,25,1,0.5,0,0,0,1004443.0,0.0,0,,1,0.0,0,0,0,,1,0.0,0,0,0,0,,1,0.0,0,0,0,1004443.0,inf,1004443.0,inf,0,0.41
R104,25,3,0.25,4360,4360,4090,4360.0,4360.0,3849,11.72,0,3155.55,59572,3601,4107,5.8,0,3155.01,152250,138063,3600,3959,9.2,0,3155.46,639968,0,3600,4360.0,0.0,4360.0,0.0,1,0.37
R104,25,3,0.5,0,0,0,1004443.0,0.0,0,,1,0.0,0,0,0,,1,0.0,0,0,0,0,,1,0.0,0,0,0,1004443.0,inf,1004443.0,inf,0,0.51
R104,25,5,0.25,4360,4360,4090,4360.0,4360.0,3774,13.44,0,3155.55,34482,3601,4101,5.94,0,3155.01,171040,145657,3601,3954,9.31,0,3155.46,627020,0,3600,4360.0,0.0,4360.0,0.0,1,0.45
R104,25,5,0.5,0,0,0,1004443.0,0.0,0,,1,0.0,0,1,0,,1,0.0,0,0,0,0,,1,0.0,0,0,0,1004443.0,inf,1004443.0,inf,0,0.67
R105,25,0,0.0,5262,5262,5262,5262.0,5262.0,5262,0.0,1,4640.5,61,0,5262,0.0,1,4625.14,2889,0,4,5262,0.0,1,4640.5,397,0,1,5262.0,0.0,5262.0,0.0,1,0.49
R105,25,1,0.25,5412,5412,5412,5412.0,5412.0,5412,0.0,1,4650.0,2070,3,5412,0.0,1,4625.14,1,45,1,5412,0.0,1,4640.5,60,4,3,5412.0,0.0,5412.0,0.0,1,0.46
R105,25,1,0.5,5814,5814,5814,5814.0,5814.0,5814,0.0,1,5241.94,1,0,5814,0.0,1,5182.07,1,10,0,5814,0.0,1,5230.87,23,3,1,5814.0,0.0,5814.0,0.0,1,0.6
R105,25,3,0.25,5640,5640,5640,5640.0,5640.0,5640,0.0,1,4652.94,1464,8,5640,0.0,1,4625.14,23,86,0,5640,0.0,1,4640.5,717,5,4,5640.0,0.0,5640.0,0.0,1,0.68
R105,25,3,0.5,5907,5907,5907,5907.0,5907.0,5907,0.0,1,5276.15,862,3,5907,0.0,1,5182.07,1,23,0,5907,0.0,1,5230.87,979,6,8,5907.0,0.0,5907.0,0.0,1,0.69
R105,25,5,0.25,5640,5640,5640,5640.0,5640.0,5640,0.0,1,4652.94,894,6,5640,0.0,1,4625.14,25,88,0,5640,0.0,1,4640.5,992,5,8,5640.0,0.0,5640.0,0.0,1,0.8
R105,25,5,0.5,5907,5907,5907,5907.0,5907.0,5907,0.0,1,5276.15,876,4,5907,0.0,1,5182.07,1,23,0,5907,0.0,1,5230.87,885,6,7,5907.0,0.0,5907.0,0.0,1,0.77
R106,25,0,0.0,4623,4623,4623,4623.0,4623.0,4623,0.0,1,3209.03,43821,348,4623,0.0,1,3209.03,62149,0,335,4623,0.0,1,3209.03,74650,0,395,4623.0,0.0,4651.2,0.61,1,0.27
R106,25,1,0.25,4676,4676,4676,4676.0,4676.0,4676,0.0,1,3209.23,35453,648,4676,0.0,1,3209.03,41817,28225,448,4676,0.0,1,3209.03,46320,3,2554,4676.0,0.0,4676.0,0.0,1,0.32
R106,25,1,0.5,4986,4986,4986,4986.0,4986.0,4986,0.0,1,3240.59,73366,1116,4986,0.0,1,3237.64,93518,91719,1374,4986,0.0,1,3237.64,58847,2,2172,4986.0,0.0,4986.0,0.0,1,0.4
R106,25,3,0.25,4680,4680,4680,4680.0,4680.0,4680,0.0,1,3209.4,33039,1747,4680,0.0,1,3209.03,24797,13931,253,4680,0.0,1,3209.03,37389,2,949,4680.0,0.0,4680.0,0.0,1,0.49
R106,25,3,0.5,5122,5122,5122,5122.0,5122.0,5122,0.0,1,3246.01,52057,1657,5122,0.0,1,3237.64,47977,51802,647,4850,5.31,0,3237.64,37545,4,3600,5122.0,0.0,5122.0,0.0,1,0.63
R106,25,5,0.25,4680,4680,4680,4680.0,4680.0,4680,0.0,1,3209.4,33941,2782,4680,0.0,1,3209.03,34962,21501,381,4680,0.0,1,3209.03,37522,2,984,4680.0,0.0,4680.0,0.0,1,0.58
R106,25,5,0.5,5122,5122,5122,5122.0,5122.0,5122,0.0,1,3246.01,28668,1451,5122,0.0,1,3237.64,51566,69051,606,5122,0.0,1,3237.64,46742,3,3188,5122.0,0.0,5122.0,0.0,1,0.73
R107,25,0,0.0,4189,4189,4189,4189.0,4189.0,3879,7.4,0,2945.4,391459,3600,3914,6.56,0,2945.4,520614,0,3600,3941,5.92,0,2945.4,548777,0,3601,4189.0,0.0,4189.0,0.0,1,0.28
R107,25,1,0.25,4271,4271,4196,4271.0,4271.0,3940,7.75,0,2945.71,144920,3600,4049,5.2,0,2945.54,168113,101737,3601,3952,7.47,0,2945.54,616068,0,3600,4271.0,0.0,4271.0,0.0,1,0.32
R107,25,1,0.5,4373,4373,4254,4373.0,4373.0,4004,8.44,0,3034.18,150838,3600,4373,0.0,1,3033.72,192307,121818,3241,4069,6.95,0,3033.72,615159,0,3600,4373.0,0.0,4373.0,0.0,1,0.32
R107,25,3,0.25,4325,4325,4189,4325.0,4325.0,3720,13.99,0,2945.88,46717,3600,4032,6.77,0,2945.54,171585,118391,3600,3986,7.84,0,2945.54,608539,0,3600,4325.0,0.0,4325.0,0.0,1,0.46
R107,25,3,0.5,4464,4464,4254,4464.0,4464.0,3999,10.42,0,3034.59,53752,3601,4464,0.0,1,3033.72,121219,102131,1777,4087,8.45,0,3033.72,639240,0,3600,4464.0,0.0,4464.0,0.0,1,0.54
R107,25,5,0.25,4325,4325,4189,4325.0,4325.0,3673,15.08,0,2945.88,30056,3601,4061,6.1,0,2945.54,167428,108645,3600,3987,7.82,0,2945.54,611963,0,3600,4325.0,0.0,4343.2,0.42,1,0.6
R107,25,5,0.5,4556,4556,4261,4556.0,4556.0,3810,16.37,0,3034.62,35175,3601,4556,0.0,1,3033.72,204872,181339,3264,4067,10.73,0,3033.72,667579,0,3600,4556.0,0.0,4556.0,0.0,1,0.64
R108,25,0,0.0,3937,3937,3937,3937.0,3937.0,3703,5.94,0,2798.52,344428,3600,3740,5.0,0,2798.52,511697,0,3600,3775,4.11,0,2798.52,596827,0,3600,3937.0,0.0,3965.8,0.73,1,0.25
R108,25,1,0.25,4017,4017,3994,4017.0,4017.0,3699,7.92,0,2798.54,117823,3600,3860,3.91,0,2798.52,176109,83094,3601,3762,6.35,0,2798.52,593348,0,3601,4017.0,0.0,4033.8,0.42,1,0.55
R108,25,1,0.5,4038,4038,4038,4038.0,4038.0,3861,4.38,0,2875.53,160769,3600,4038,0.0,1,2875.53,87606,47427,1263,3809,5.67,0,2875.53,664015,0,3600,4038.0,0.0,4038.0,0.0,1,0.28
R108,25,3,0.25,4038,4038,3973,4038.0,4038.0,3643,9.78,0,2798.81,53055,3601,3897,3.49,0,2798.52,176487,86597,3600,3771,6.61,0,2798.52,635065,0,3600,4038.0,0.0,4038.0,0.0,1,0.37
R108,25,3,0.5,4109,4109,4038,4109.0,4109.0,3796,7.62,0,2875.53,45896,3601,4109,0.0,1,2875.53,60081,33816,846,3848,6.35,0,2875.53,619829,0,3600,4109.0,0.0,4109.0,0.0,1,0.48
R108,25,5,0.25,4090,4090,3973,4090.0,4090.0,3522,13.89,0,2798.85,24679,3601,3848,5.92,0,2798.52,164024,96354,3601,3706,9.39,0,2798.52,576644,0,3600,4090.0,0.0,4090.0,0.0,1,0.54
R108,25,5,0.5,4208,4208,4038,4208.0,4208.0,3697,12.14,0,2875.53,26205,3601,4208,0.0,1,2875.53,130745,89316,2311,3820,9.22,0,2875.53,668041,0,3600,4208.0,0.0,4208.2,0.0,1,0.58
R109,25,0,0.0,4491,4491,4491,4491.0,4491.0,4491,0.0,1,3350.59,2540,15,4491,0.0,1,3350.59,2907,0,12,4491,0.0,1,3350.59,3272,0,9,4491.0,0.0,4491.0,0.0,1,0.28
R109,25,1,0.25,4566,4566,4566,4566.0,4566.0,4566,0.0,1,3478.73,914,6,4566,0.0,1,3474.93,816,831,5,4566,0.0,1,3477.05,2288,1,11,4566.0,0.0,4566.0,0.0,1,0.33
R109,25,1,0.5,4575,4575,4575,4575.0,4575.0,4575,0.0,1,3653.72,148,2,4575,0.0,1,3642.64,174,255,1,4575,0.0,1,3645.53,584,0,1,4575.0,0.0,4575.0,0.0,1,0.39
R109,25,3,0.25,4566,4566,4566,4566.0,4566.0,4566,0.0,1,3478.88,722,10,4566,0.0,1,3474.93,1105,1387,7,4566,0.0,1,3477.05,2633,1,11,4566.0,0.0,4566.0,0.0,1,0.5
R109,25,3,0.5,4634,4634,4634,4634.0,4634.0,4634,0.0,1,3656.94,277,4,4634,0.0,1,3642.64,307,468,2,4634,0.0,1,3645.53,691,2,7,4634.0,0.0,4634.0,0.0,1,0.61
R109,25,5,0.25,4566,4566,4566,4566.0,4566.0,4566,0.0,1,3479.07,852,19,4566,0.0,1,3474.93,1046,1379,6,4566,0.0,1,3477.05,2633,1,11,4566.0,0.0,4566.0,0.0,1,0.56
R109,25,5,0.5,4694,4694,4694,4694.0,4694.0,4694,0.0,1,3658.17,1899,39,4694,0.0,1,3642.64,685,1190,4,4694,0.0,1,3645.53,3163,3,36,4694.0,0.0,4694.0,0.0,1,0.74
R110,25,0,0.0,4255,4255,4255,4255.0,4255.0,4073,4.28,0,2926.72,384656,3600,4128,2.98,0,2926.16,596194,0,3600,4141,2.68,0,2926.72,620524,0,3600,4255.0,0.0,4298.8,1.03,1,0.33
R110,25,1,0.25,4334,4334,4255,4334.0,4334.0,4059,6.35,0,3004.48,180687,3600,4334,0.0,1,3003.69,180849,96146,2877,4146,4.34,0,3004.05,684453,0,3600,4334.0,0.0,4334.0,0.0,1,0.35
R110,25,1,0.5,4334,4334,4334,4334.0,4334.0,4262,1.66,0,3004.95,204518,3600,4334,0.0,1,3003.69,99671,46711,1231,3887,10.31,0,3004.05,40227,2,3600,4334.0,0.0,4334.0,0.0,1,0.39
R110,25,3,0.25,4334,4334,4255,4334.0,4334.0,3988,7.98,0,3004.79,69784,3600,4334,0.0,1,3003.69,118566,59230,1661,4148,4.29,0,3004.05,688823,0,3600,4334.0,0.0,4336.4,0.06,1,0.5
R110,25,3,0.5,4551,4551,4359,4551.0,4551.0,4366,4.07,0,3005.7,79925,3600,4551,0.0,1,3003.69,65239,38383,717,4002,12.06,0,3004.05,46089,3,3601,4551.0,0.0,4551.0,0.0,1,0.59
R110,25,5,0.25,4334,4334,4255,4334.0,4334.0,3959,8.65,0,3004.89,40695,3601,4334,0.0,1,3003.69,120208,62659,1705,4148,4.29,0,3004.05,690360,0,3600,4334.0,0.0,4336.4,0.06,1,0.62
R110,25,5,0.5,4623,4623,4359,4623.0,4623.0,4145,10.34,0,3005.96,45065,3600,4623,0.0,1,3003.69,150615,83726,1913,3986,13.78,0,3004.05,38085,3,3600,4623.0,0.0,4623.6,0.01,1,0.74
R111,25,0,0.0,4274,4274,4274,4274.0,4274.0,4274,0.0,1,2948.26,159656,1486,4274,0.0,1,2948.22,354961,0,2418,4274,0.0,1,2948.26,281914,0,1663,4274.0,0.0,4285.2,0.26,1,0.29
R111,25,1,0.25,4288,4288,4288,4288.0,4288.0,4288,0.0,1,2948.47,60025,1402,4288,0.0,1,2948.22,56707,35070,736,4288,0.0,1,2948.26,130530,1,1792,4288.0,0.0,4293.2,0.12,1,0.31
R111,25,1,0.5,4353,4353,4353,4353.0,4353.0,4353,0.0,1,3072.07,13458,259,4353,0.0,1,3068.76,12863,10779,134,4353,0.0,1,3068.76,60865,0,369,4353.0,0.0,4373.0,0.46,1,0.35
R111,25,3,0.25,4325,4325,4325,4325.0,4325.0,4325,0.0,1,2948.67,25954,1162,4325,0.0,1,2948.22,50839,36348,573,4325,0.0,1,2948.26,46620,2,3116,4325.0,0.0,4344.4,0.45,1,0.42
R111,25,3,0.5,4549,4549,4549,4549.0,4549.0,4549,0.0,1,3074.91,41733,1713,4549,0.0,1,3068.76,45806,43406,507,4549,0.0,1,3068.76,161192,2,3167,4549.0,0.0,4549.0,0.0,1,0.53
R111,25,5,0.25,4325,4325,4325,4325.0,4325.0,4187,3.19,0,2948.67,45769,3601,4325,0.0,1,2948.22,44902,27992,548,4325,0.0,1,2948.26,59524,2,2964,4325.0,0.0,4352.6,0.64,1,0.49
R111,25,5,0.5,4556,4556,4556,4556.0,4556.0,4556,0.0,1,3075.05,47586,3196,4556,0.0,1,3068.76,36536,37684,379,4556,0.0,1,3068.76,46388,3,3132,4556.0,0.0,4556.0,0.0,1,0.6
R112,25,0,0.0,3877,3877,3877,3877.0,3877.0,3444,11.17,0,2795.15,281650,3600,3469,10.52,0,2795.15,483685,0,3601,3528,9.0,0,2795.15,563318,0,3600,3877.0,0.0,3913.8,0.95,1,0.62
R112,25,1,0.25,3930,3930,3930,3930.0,3930.0,3449,12.24,0,2795.71,116795,3600,3479,11.48,0,2795.7,158523,89155,3600,3485,11.32,0,2795.7,559778,0,3601,3930.0,0.0,3930.0,0.0,1,0.39
R112,25,1,0.5,3930,3930,3930,3930.0,3930.0,3456,12.06,0,2795.28,118080,3600,3553,9.59,0,2795.28,172082,110779,3600,3481,11.42,0,2795.28,556541,0,3600,3930.0,0.0,3930.0,0.0,1,0.46
R112,25,3,0.25,3992,3992,3930,3992.0,3992.0,3343,16.26,0,2795.72,42427,3601,3531,11.55,0,2795.7,159237,92339,3600,3478,12.88,0,2795.7,522334,0,3600,3992.0,0.0,3992.0,0.0,1,0.58
R112,25,3,0.5,4012,4012,3930,4012.0,4012.0,3400,15.25,0,2795.3,41509,3601,3537,11.84,0,2795.28,174459,89807,3600,3457,13.83,0,2795.28,536519,0,3600,4012.0,0.0,4012.0,0.0,1,0.6
R112,25,5,0.25,3992,3992,3930,3992.0,3992.0,3303,17.26,0,2795.72,20855,3601,3549,11.1,0,2795.7,159477,105019,3601,3478,12.88,0,2795.7,522995,0,3600,3992.0,0.0,3992.0,0.0,1,0.65
R112,25,5,0.5,4115,4115,3877,4115.0,4115.0,3368,18.15,0,2795.32,21623,3601,3556,13.58,0,2795.28,168341,89713,3600,3510,14.7,0,2795.28,623331,0,3600,4115.0,0.0,4115.0,0.0,1,0.78
R201,25,0,0.0,4633,4633,4633,4633.0,4633.0,4633,0.0,1,4183.42,1,0,4633,0.0,1,4158.6,1,0,0,4633,0.0,1,4183.42,1,0,2,4633.0,0.0,4633.0,0.0,1,0.22
R201,25,1,0.25,4633,4633,4633,4633.0,4633.0,4633,0.0,1,4183.69,1,1,4633,0.0,1,4158.6,1,0,0,4633,0.0,1,4183.42,1,0,0,4633.0,0.0,4633.0,0.0,1,0.23
R201,25,1,0.5,4748,4748,4748,4748.0,4748.0,4748,0.0,1,4372.35,1,0,4748,0.0,1,4357.21,1,0,0,4748,0.0,1,4372.03,1,0,0,4748.0,0.0,4748.0,0.0,1,0.25
R201,25,3,0.25,4633,4633,4633,4633.0,4633.0,4633,0.0,1,4183.91,1,1,4633,0.0,1,4158.6,1,0,0,4633,0.0,1,4183.42,1,0,0,4633.0,0.0,4633.0,0.0,1,0.25
R201,25,3,0.5,4748,4748,4748,4748.0,4748.0,4748,0.0,1,4372.6,1,1,4748,0.0,1,4357.21,1,0,0,4748,0.0,1,4372.03,1,0,0,4748.0,0.0,4748.0,0.0,1,0.28
R201,25,5,0.25,4633,4633,4633,4633.0,4633.0,4633,0.0,1,4183.91,1,2,4633,0.0,1,4158.6,1,0,0,4633,0.0,1,4183.42,1,0,0,4633.0,0.0,4633.0,0.0,1,0.28
R201,25,5,0.5,4748,4748,4748,4748.0,4748.0,4748,0.0,1,4373.07,1,2,4748,0.0,1,4357.21,1,0,0,4748,0.0,1,4372.03,1,0,0,4748.0,0.0,4754.4,0.13,1,0.29
R202,25,0,0.0,4105,4105,4105,4105.0,4105.0,4105,0.0,1,3002.42,34259,204,4105,0.0,1,3002.42,39033,0,181,4105,0.0,1,3002.42,36420,0,141,4105.0,0.0,4105.0,0.0,1,0.19
R202,25,1,0.25,4105,4105,4105,4105.0,4105.0,4105,0.0,1,3002.52,28336,353,4105,0.0,1,3002.42,29060,8861,224,4105,0.0,1,3002.42,37544,0,153,4105.0,0.0,4105.0,0.0,1,0.19
R202,25,1,0.5,4247,4247,4247,4247.0,4247.0,4247,0.0,1,3094.37,30851,375,4247,0.0,1,3094.15,35120,11187,303,4247,0.0,1,3094.17,51470,0,214,4247.0,0.0,4247.0,0.0,1,0.22
R202,25,3,0.25,4105,4105,4105,4105.0,4105.0,4105,0.0,1,3002.62,26439,838,4105,0.0,1,3002.42,31328,9178,253,4105,0.0,1,3002.42,37544,0,154,4105.0,0.0,4105.0,0.0,1,0.2
R202,25,3,0.5,4247,4247,4247,4247.0,4247.0,4247,0.0,1,3094.59,28903,891,4247,0.0,1,3094.15,37109,11756,307,4247,0.0,1,3094.17,51470,0,213,4247.0,0.0,4247.0,0.0,1,0.22
R202,25,5,0.25,4105,4105,4105,4105.0,4105.0,4105,0.0,1,3002.62,25212,1386,4105,0.0,1,3002.42,31085,8942,251,4105,0.0,1,3002.42,37544,0,154,4105.0,0.0,4105.0,0.0,1,0.22
R202,25,5,0.5,4247,4247,4247,4247.0,4247.0,4247,0.0,1,3094.59,27840,1432,4247,0.0,1,3094.15,37109,11756,307,4247,0.0,1,3094.17,51470,0,215,4247.0,0.0,4247.0,0.0,1,0.27
R203,25,0,0.0,3914,3914,3914,3914.0,3914.0,3756,4.04,0,2929.99,414617,3600,3779,3.45,0,2929.99,572202,0,3600,3749,4.22,0,2929.99,600316,0,3600,3914.0,0.0,3914.0,0.0,1,0.19
R203,25,1,0.25,3914,3914,3914,3914.0,3914.0,3719,4.98,0,2930.08,187915,3600,3706,5.31,0,2929.99,235371,39116,3600,3736,4.55,0,2929.99,621104,0,3600,3914.0,0.0,3914.0,0.0,1,0.19
R203,25,1,0.5,4004,4004,3914,4004.0,4004.0,3677,8.17,0,2930.16,191513,3600,3671,8.32,0,2929.99,194431,41871,3600,3760,6.09,0,2929.99,664389,0,3600,4004.0,0.0,4004.0,0.0,1,0.41
R203,25,3,0.25,4004,4004,3914,4004.0,4004.0,3558,11.14,0,2930.13,76971,3601,3674,8.24,0,2929.99,193767,37220,3600,3760,6.09,0,2929.99,664253,0,3600,4004.0,0.0,4004.0,0.0,1,0.43
R203,25,3,0.5,4004,4004,3914,4004.0,4004.0,3560,11.09,0,2930.26,64492,3600,3676,8.19,0,2929.99,195903,38244,3600,3759,6.12,0,2929.99,659260,0,3600,4004.0,0.0,4004.0,0.0,1,0.21
R203,25,5,0.25,4004,4004,3914,4004.0,4004.0,3465,13.46,0,2930.13,31465,3601,3678,8.14,0,2929.99,202785,36748,3600,3758,6.14,0,2929.99,654002,0,3600,4004.0,0.0,4004.0,0.0,1,0.47
R203,25,5,0.5,4004,4004,3914,4004.0,4004.0,3520,12.09,0,2930.26,33547,3601,3688,7.89,0,2929.99,198251,38796,3600,3759,6.12,0,2929.99,656430,0,3600,4004.0,0.0,4004.0,0.0,1,0.26
R204,25,0,0.0,3550,3550,3550,3550.0,3550.0,3550,0.0,1,2770.89,243634,2385,3550,0.0,1,2770.89,240029,0,1722,3550,0.0,1,2770.89,267056,0,1798,3550.0,0.0,3550.8,0.02,1,0.17
R204,25,1,0.25,3550,3550,3550,3550.0,3550.0,3424,3.55,0,2770.89,133286,3600,3550,0.0,1,2770.89,146551,12934,1485,3550,0.0,1,2770.89,254026,0,1764,3550.0,0.0,3558.6,0.24,1,0.18
R204,25,1,0.5,3550,3550,3550,3550.0,3550.0,3430,3.38,0,2770.89,134506,3600,3550,0.0,1,2770.89,153024,14179,1615,3550,0.0,1,2770.89,254026,0,1754,3550.0,0.0,3564.8,0.42,1,0.17
R204,25,3,0.25,3550,3550,3550,3550.0,3550.0,3323,6.39,0,2770.89,50120,3600,3550,0.0,1,2770.89,143004,13624,1566,3550,0.0,1,2770.89,254026,0,1733,3550.0,0.0,3574.2,0.68,1,0.21
R204,25,3,0.5,3550,3550,3550,3550.0,3550.0,3333,6.11,0,2770.89,49625,3601,3550,0.0,1,2770.89,150380,14403,1715,3550,0.0,1,2770.89,254026,0,1719,3550.0,0.0,3550.8,0.02,1,0.22
R204,25,5,0.25,3786,3550,3550,3550.0,3550.0,3205,9.72,0,2770.89,26239,3601,3550,0.0,1,2770.89,140835,13009,1515,3550,0.0,1,2770.89,254026,0,1723,3550.0,0.0,3565.0,0.42,1,0.22
R204,25,5,0.5,3695,3550,3550,3550.0,3550.0,3239,8.76,0,2770.89,29435,3601,3550,0.0,1,2770.89,138736,12082,1445,3550,0.0,1,2770.89,254026,0,1727,3550.0,0.0,3557.0,0.2,1,0.24
R205,25,0,0.0,3941,3941,3941,3941.0,3941.0,3941,0.0,1,3243.14,1284,3,3941,0.0,1,3242.9,1141,0,3,3941,0.0,1,3243.14,1610,0,3,3941.0,0.0,3941.0,0.0,1,0.18
R205,25,1,0.25,3941,3941,3941,3941.0,3941.0,3941,0.0,1,3374.96,1115,5,3941,0.0,1,3374.89,614,474,3,3941,0.0,1,3374.89,1365,0,3,3941.0,0.0,3941.0,0.0,1,0.19
R205,25,1,0.5,3941,3941,3941,3941.0,3941.0,3941,0.0,1,3375.03,732,4,3941,0.0,1,3374.89,916,734,4,3941,0.0,1,3374.89,1451,0,3,3941.0,0.0,3941.0,0.0,1,0.21
R205,25,3,0.25,3941,3941,3941,3941.0,3941.0,3941,0.0,1,3375.04,1092,12,3941,0.0,1,3374.89,743,576,4,3941,0.0,1,3374.89,1365,0,3,3941.0,0.0,3941.0,0.0,1,0.23
R205,25,3,0.5,3941,3941,3941,3941.0,3941.0,3941,0.0,1,3375.29,1963,27,3941,0.0,1,3374.89,738,632,3,3941,0.0,1,3374.89,1451,0,3,3941.0,0.0,3941.0,0.0,1,0.23
R205,25,5,0.25,3941,3941,3941,3941.0,3941.0,3941,0.0,1,3375.09,1476,18,3941,0.0,1,3374.89,743,576,4,3941,0.0,1,3374.89,1365,0,3,3941.0,0.0,3941.0,0.0,1,0.25
R205,25,5,0.5,3941,3941,3941,3941.0,3941.0,3941,0.0,1,3375.38,1673,45,3941,0.0,1,3374.89,779,669,4,3941,0.0,1,3374.89,1451,0,3,3941.0,0.0,3941.0,0.0,1,0.25
R206,25,0,0.0,3744,3744,3744,3744.0,3744.0,3744,0.0,1,2833.41,55526,384,3744,0.0,1,2833.18,57296,0,342,3744,0.0,1,2833.41,45819,0,248,3744.0,0.0,3744.0,0.0,1,0.17
R206,25,1,0.25,3744,3744,3744,3744.0,3744.0,3744,0.0,1,2833.49,48791,825,3744,0.0,1,2833.18,49001,11577,437,3744,0.0,1,2833.41,62352,0,319,3744.0,0.0,3744.0,0.0,1,0.18
R206,25,1,0.5,3744,3744,3744,3744.0,3744.0,3744,0.0,1,2833.57,42462,724,3744,0.0,1,2833.18,41996,9735,355,3744,0.0,1,2833.41,53876,0,275,3744.0,0.0,3744.0,0.0,1,0.19
R206,25,3,0.25,3744,3744,3744,3744.0,3744.0,3744,0.0,1,2833.57,31498,1407,3744,0.0,1,2833.18,46845,11752,420,3744,0.0,1,2833.41,62352,0,320,3744.0,0.0,3744.0,0.0,1,0.21
R206,25,3,0.5,3744,3744,3744,3744.0,3744.0,3744,0.0,1,2833.74,37178,1989,3744,0.0,1,2833.18,37446,8485,309,3744,0.0,1,2833.41,53876,0,272,3744.0,0.0,3744.0,0.0,1,0.2
R206,25,5,0.25,3744,3744,3744,3744.0,3744.0,3654,2.4,0,2833.57,36569,3601,3744,0.0,1,2833.18,44829,10785,407,3744,0.0,1,2833.41,62352,0,317,3744.0,0.0,3744.0,0.0,1,0.23
R206,25,5,0.5,3744,3744,3744,3744.0,3744.0,3744,0.0,1,2833.74,28229,2101,3744,0.0,1,2833.18,35049,7614,283,3744,0.0,1,2833.41,53876,0,271,3744.0,0.0,3744.0,0.0,1,0.23
R207,25,0,0.0,3668,3668,3668,3668.0,3668.0,3668,0.0,1,2827.86,328193,3473,3625,1.17,0,2827.84,509939,0,3600,3668,0.0,1,2827.86,538897,0,3429,3668.0,0.0,3668.0,0.0,1,0.17
R207,25,1,0.25,3668,3668,3668,3668.0,3668.0,3534,3.65,0,2827.9,170537,3600,3591,2.1,0,2827.84,233406,29681,3600,3668,0.0,1,2827.86,481741,0,3033,3668.0,0.0,3668.0,0.0,1,0.18
R207,25,1,0.5,3668,3668,3668,3668.0,3668.0,3563,2.86,0,2827.94,181356,3600,3619,1.34,0,2827.84,242711,29617,3600,3619,1.34,0,2827.86,543276,0,3600,3668.0,0.0,3668.0,0.0,1,0.19
R207,25,3,0.25,3668,3668,3668,3668.0,3668.0,3456,5.78,0,2827.93,54545,3601,3601,1.83,0,2827.84,237188,29614,3600,3668,0.0,1,2827.86,481741,0,3028,3668.0,0.0,3668.0,0.0,1,0.19
R207,25,3,0.5,3668,3668,3668,3668.0,3668.0,3463,5.59,0,2827.99,54965,3601,3668,0.0,1,2827.84,240635,29099,3478,3620,1.31,0,2827.86,544544,0,3600,3668.0,0.0,3668.0,0.0,1,0.19
R207,25,5,0.25,3668,3668,3668,3668.0,3668.0,3347,8.75,0,2827.93,27675,3601,3615,1.44,0,2827.84,237987,28781,3600,3668,0.0,1,2827.86,481741,0,3022,3668.0,0.0,3668.0,0.0,1,0.23
R207,25,5,0.5,3668,3668,3668,3668.0,3668.0,3386,7.69,0,2827.99,28387,3601,3668,0.0,1,2827.84,239097,30527,3580,3613,1.5,0,2827.86,533352,0,3600,3668.0,0.0,3668.0,0.0,1,0.23
R208,25,0,0.0,3380,3380,3380,3380.0,3380.0,3380,0.0,1,2770.01,68862,565,3380,0.0,1,2770.01,56731,0,349,3380,0.0,1,2770.01,71198,0,379,3380.0,0.0,3385.6,0.17,1,0.15
R208,25,1,0.25,3406,3406,3406,3406.0,3406.0,3406,0.0,1,2770.01,87215,2092,3406,0.0,1,2770.01,70392,5378,568,3406,0.0,1,2770.01,106905,1,1605,3406.0,0.0,3407.2,0.04,1,0.17
R208,25,1,0.5,3406,3406,3406,3406.0,3406.0,3406,0.0,1,2770.01,88380,2275,3406,0.0,1,2770.01,66256,4322,484,3406,0.0,1,2770.01,94573,1,1410,3406.0,0.0,3406.8,0.02,1,0.16
R208,25,3,0.25,3406,3406,3406,3406.0,3406.0,3287,3.49,0,2770.01,48026,3601,3406,0.0,1,2770.01,68903,5319,557,3406,0.0,1,2770.01,89221,1,1387,3406.0,0.0,3406.4,0.01,1,0.18
R208,25,3,0.5,3408,3408,3408,3408.0,3408.0,3306,2.99,0,2770.01,51455,3601,3408,0.0,1,2770.01,71538,3617,538,3319,2.61,0,2770.01,83947,2,3600,3408.0,0.0,3408.0,0.0,1,0.21
R208,25,5,0.25,3818,3408,3408,3408.0,3408.0,3127,8.25,0,2770.01,30407,3601,3408,0.0,1,2770.01,76922,3659,537,3408,0.0,1,2770.01,92177,1,1513,3408.0,0.0,3409.6,0.05,1,0.17
R208,25,5,0.5,3648,3408,3408,3408.0,3408.0,3188,6.46,0,2770.01,23252,3601,3408,0.0,1,2770.01,66915,3367,497,3408,0.0,1,2770.01,113548,1,1636,3408.0,0.0,3409.6,0.05,1,0.21
R209,25,0,0.0,3707,3707,3707,3707.0,3707.0,3707,0.0,1,2907.8,9254,57,3707,0.0,1,2905.22,7234,0,34,3707,0.0,1,2907.8,6941,0,28,3707.0,0.0,3707.0,0.0,1,0.16
R209,25,1,0.25,3707,3707,3707,3707.0,3707.0,3707,0.0,1,2907.86,5994,85,3707,0.0,1,2905.22,5069,2832,34,3707,0.0,1,2907.8,6428,0,25,3707.0,0.0,3709.0,0.05,1,0.18
R209,25,1,0.5,3707,3707,3707,3707.0,3707.0,3707,0.0,1,2907.93,6056,88,3707,0.0,1,2905.22,5451,3258,39,3707,0.0,1,2907.8,6708,0,27,3707.0,0.0,3711.6,0.12,1,0.16
R209,25,3,0.25,3717,3717,3717,3717.0,3717.0,3717,0.0,1,2907.95,5846,208,3717,0.0,1,2905.22,4444,2421,31,3717,0.0,1,2907.8,7261,1,81,3717.0,0.0,3720.6,0.1,1,0.42
R209,25,3,0.5,3726,3726,3726,3726.0,3726.0,3726,0.0,1,2908.11,6130,229,3726,0.0,1,2905.22,5481,2889,35,3726,0.0,1,2907.8,5715,3,265,3726.0,0.0,3726.0,0.0,1,0.21
R209,25,5,0.25,3726,3726,3726,3726.0,3726.0,3726,0.0,1,2907.99,6297,362,3726,0.0,1,2905.22,5907,3339,43,3726,0.0,1,2907.8,7295,2,182,3726.0,0.0,3733.0,0.19,1,0.21
R209,25,5,0.5,3757,3757,3757,3757.0,3757.0,3757,0.0,1,2908.21,8745,527,3757,0.0,1,2905.22,5635,3100,40,3757,0.0,1,2907.8,11294,3,394,3757.0,0.0,3758.4,0.04,1,0.25
R210,25,0,0.0,4046,4046,4046,4046.0,4046.0,4046,0.0,1,2938.18,46839,308,4046,0.0,1,2938.18,30548,0,132,4046,0.0,1,2938.18,48415,0,215,4046.0,0.0,4046.0,0.0,1,0.21
R210,25,1,0.25,4046,4046,4046,4046.0,4046.0,4046,0.0,1,2938.27,22787,349,4046,0.0,1,2938.18,22975,6766,173,4046,0.0,1,2938.18,41910,0,197,4046.0,0.0,4046.0,0.0,1,0.19
R210,25,1,0.5,4046,4046,4046,4046.0,4046.0,4046,0.0,1,2938.36,24302,374,4046,0.0,1,2938.18,23011,6522,167,4046,0.0,1,2938.18,45167,0,208,4046.0,0.0,4046.0,0.0,1,0.2
R210,25,3,0.25,4046,4046,4046,4046.0,4046.0,4046,0.0,1,2938.33,23260,896,4046,0.0,1,2938.18,32771,8866,290,4046,0.0,1,2938.18,41910,0,196,4046.0,0.0,4046.0,0.0,1,0.2
R210,25,3,0.5,4046,4046,4046,4046.0,4046.0,4046,0.0,1,2938.48,24235,953,4046,0.0,1,2938.18,22495,6845,157,4046,0.0,1,2938.18,45167,0,207,4046.0,0.0,4046.0,0.0,1,0.2
R210,25,5,0.25,4046,4046,4046,4046.0,4046.0,4046,0.0,1,2938.33,23535,1545,4046,0.0,1,2938.18,32279,8861,285,4046,0.0,1,2938.18,41910,0,197,4046.0,0.0,4046.0,0.0,1,0.23
R210,25,5,0.5,4046,4046,4046,4046.0,4046.0,4046,0.0,1,2938.48,25016,2019,4046,0.0,1,2938.18,17604,5683,121,4046,0.0,1,2938.18,45167,0,207,4046.0,0.0,4046.0,0.0,1,0.22
R211,25,0,0.0,3457,3457,3457,3457.0,3457.0,3334,3.56,0,2770.16,312325,3600,3457,0.0,1,2770.16,338103,0,2379,3371,2.49,0,2770.16,573823,0,3600,3457.0,0.0,3457.4,0.01,1,0.16
R211,25,1,0.25,3457,3457,3457,3457.0,3457.0,3290,4.83,0,2770.16,135006,3600,3406,1.48,0,2770.16,294760,25892,3600,3378,2.29,0,2770.16,586013,0,3600,3457.0,0.0,3457.4,0.01,1,0.17
R211,25,1,0.5,3457,3457,3457,3457.0,3457.0,3284,5.0,0,2805.86,134282,3600,3457,0.0,1,2805.86,136746,16217,1282,3457,0.0,1,2805.86,391549,0,2304,3457.0,0.0,3457.4,0.01,1,0.19
R211,25,3,0.25,3457,3457,3457,3457.0,3457.0,3178,8.07,0,2770.16,42602,3601,3457,0.0,1,2770.16,276072,21898,3201,3377,2.31,0,2770.16,578911,0,3600,3457.0,0.0,3457.4,0.01,1,0.19
R211,25,3,0.5,3459,3459,3459,3459.0,3459.0,3283,5.09,0,2805.86,46787,3600,3459,0.0,1,2805.86,169182,20758,1706,3309,4.34,0,2805.86,164606,1,3600,3459.0,0.0,3469.0,0.29,1,0.21
R211,25,5,0.25,3457,3457,3457,3457.0,3457.0,3170,8.3,0,2770.16,22300,3601,3457,0.0,1,2770.16,267119,21935,3130,3375,2.37,0,2770.16,574527,0,3600,3457.0,0.0,3457.4,0.01,1,0.21
R211,25,5,0.5,3509,3509,3509,3509.0,3509.0,3215,8.38,0,2805.86,25677,3601,3423,2.45,0,2805.86,293029,24620,3600,3235,7.81,0,2805.86,54533,1,3600,3509.0,0.0,3509.0,0.0,1,0.22
RC101,25,0,0.0,4648,4648,4648,4648.0,4648.0,4648,0.0,1,3546.73,405,1,4648,0.0,1,3539.41,220,0,0,4648,0.0,1,3546.73,387,0,0,4648.0,0.0,4648.0,0.0,1,0.42
RC101,25,1,0.25,4648,4648,4648,4648.0,4648.0,4648,0.0,1,3547.49,187,1,4648,0.0,1,3539.43,130,146,1,4648,0.0,1,3546.73,305,0,0,4648.0,0.0,4772.2,2.67,1,0.42
RC101,25,1,0.5,5401,5401,5401,5401.0,5401.0,5401,0.0,1,3587.39,122,1,5401,0.0,1,3574.59,287,413,2,5401,0.0,1,3581.89,362,4,2,5401.0,0.0,5401.0,0.0,1,0.5
RC101,25,3,0.25,5153,5153,5153,5153.0,5153.0,5153,0.0,1,3547.82,634,3,5153,0.0,1,3539.43,532,726,3,5153,0.0,1,3546.73,1890,2,3,5153.0,0.0,5154.4,0.03,1,0.67
RC101,25,3,0.5,5427,5427,5427,5427.0,5427.0,5427,0.0,1,4134.34,20,1,5427,0.0,1,3574.59,128,206,1,5427,0.0,1,3581.89,93,5,3,5427.0,0.0,5427.0,0.0,1,0.63
RC101,25,5,0.25,5153,5153,5153,5153.0,5153.0,5153,0.0,1,3547.82,745,5,5153,0.0,1,3539.43,521,737,3,5153,0.0,1,3546.73,848,2,2,5153.0,0.0,5153.0,0.0,1,0.74
RC101,25,5,0.5,5427,5427,5427,5427.0,5427.0,5427,0.0,1,4134.34,22,1,5427,0.0,1,3574.59,128,206,1,5427,0.0,1,3581.89,42,5,4,5427.0,0.0,5427.0,0.0,1,0.71
RC102,25,0,0.0,3978,3978,3978,3978.0,3978.0,3978,0.0,1,1390.56,2277,9,3978,0.0,1,1390.56,1854,0,6,3978,0.0,1,1390.56,2817,0,10,3978.0,0.0,3978.0,0.0,1,0.31
RC102,25,1,0.25,4342,4342,4342,4342.0,4342.0,4342,0.0,1,1407.86,26465,318,4342,0.0,1,1406.71,11882,9620,128,4342,0.0,1,1406.71,28685,2,572,4342.0,0.0,4342.0,0.0,1,0.94
RC102,25,1,0.5,4590,4590,4590,4590.0,4590.0,4590,0.0,1,1409.0,28489,378,4590,0.0,1,1406.71,13357,11778,138,4590,0.0,1,1406.71,40764,5,1575,4590.0,0.0,4590.0,0.0,1,0.38
RC102,25,3,0.25,4342,4342,4342,4342.0,4342.0,4342,0.0,1,1408.32,15314,483,4342,0.0,1,1406.71,7943,7003,84,4342,0.0,1,1406.71,28085,4,1027,4342.0,0.0,4342.0,0.0,1,0.61
RC102,25,3,0.5,4590,4590,4590,4590.0,4590.0,4590,0.0,1,1409.9,10774,299,4590,0.0,1,1406.71,7722,7735,75,4590,0.0,1,1406.71,28901,3,1253,4590.0,0.0,4590.0,0.0,1,0.47
RC102,25,5,0.25,4342,4342,4342,4342.0,4342.0,4342,0.0,1,1408.32,19858,978,4342,0.0,1,1406.71,11000,9296,120,4342,0.0,1,1406.71,20959,2,268,4342.0,0.0,4342.0,0.0,1,0.68
RC102,25,5,0.5,4590,4590,4590,4590.0,4590.0,4590,0.0,1,1409.9,11590,565,4590,0.0,1,1406.71,9897,10113,95,4590,0.0,1,1406.71,26365,3,1181,4590.0,0.0,4590.0,0.0,1,0.59
RC103,25,0,0.0,3348,3348,3348,3348.0,3348.0,3348,0.0,1,1070.01,243885,2363,2805,16.22,0,1070.01,631272,0,3601,2842,15.11,0,1070.01,636889,0,3600,3348.0,0.0,3348.0,0.0,1,0.28
RC103,25,1,0.25,3472,3472,3420,3472.0,3472.0,3337,3.89,0,1070.11,163289,3600,2936,15.44,0,1070.06,153895,131324,3600,2544,26.73,0,1070.06,20182,3,3600,3472.0,0.0,3721.6,7.19,1,0.35
RC103,25,1,0.5,3900,3900,3378,3900.0,3900.0,3334,14.51,0,1070.15,152343,3600,2667,31.62,0,1070.06,121119,115436,3600,3302,15.33,0,1070.06,104494,2,3600,3900.0,0.0,3900.0,0.0,1,0.33
RC103,25,3,0.25,3888,3888,3474,3888.0,3888.0,2616,32.72,0,1070.14,64171,3600,2677,31.15,0,1070.06,136488,112192,3601,3330,14.35,0,1070.06,348089,1,3600,3888.0,0.0,3888.0,0.0,1,0.54
RC103,25,3,0.5,3925,3925,3911,3925.0,3925.0,2744,30.09,0,1070.21,57501,3600,2895,26.24,0,1070.06,116729,126551,3600,2965,24.46,0,1070.06,168105,2,3600,3925.0,0.0,3925.0,0.0,1,0.6
RC103,25,5,0.25,3900,3900,3900,3900.0,3900.0,2564,34.26,0,1070.14,34023,3601,2622,32.77,0,1070.06,124105,121012,3600,2818,27.74,0,1070.06,179474,2,3600,3900.0,0.0,3900.0,0.0,1,0.61
RC103,25,5,0.5,3937,3937,3911,3937.0,3937.0,2650,32.69,0,1070.21,36706,3601,3074,21.92,0,1070.06,137264,139542,3600,2917,25.91,0,1070.06,179286,2,3600,3937.0,0.0,3937.0,0.0,1,1.65
RC104,25,0,0.0,3106,3106,3106,3106.0,3106.0,3106,0.0,1,999.55,34242,330,3106,0.0,1,999.55,26344,0,155,3106,0.0,1,999.55,30731,0,182,3106.0,0.0,3106.0,0.0,1,0.25
RC104,25,1,0.25,3134,3134,3134,3134.0,3134.0,3134,0.0,1,999.6,20920,535,3134,0.0,1,999.6,32491,17593,457,3134,0.0,1,999.6,28711,2,786,3134.0,0.0,3137.6,0.11,1,0.35
RC104,25,1,0.5,3686,3686,3686,3686.0,3686.0,3154,14.43,0,999.6,148070,3600,2545,30.95,0,999.6,108547,121647,3601,3127,15.17,0,999.6,97183,3,3601,3686.0,0.0,3686.0,0.0,1,0.27
RC104,25,3,0.25,3152,3152,3152,3152.0,3152.0,3152,0.0,1,999.6,25026,1392,3152,0.0,1,999.6,28219,14059,384,3152,0.0,1,999.6,34429,2,904,3152.0,0.0,3257.6,3.35,1,0.37
RC104,25,3,0.5,3704,3704,3686,3704.0,3704.0,3117,15.85,0,999.6,60440,3600,2580,30.35,0,999.6,90924,143107,3600,3143,15.15,0,999.6,85406,3,3600,3704.0,0.0,3704.0,0.0,1,0.47
RC104,25,5,0.25,3152,3152,3152,3152.0,3152.0,3152,0.0,1,999.6,29906,3038,3152,0.0,1,999.6,35238,19670,507,3152,0.0,1,999.6,25382,2,758,3152.0,0.0,3152.0,0.0,1,0.55
RC104,25,5,0.5,3704,3704,3704,3704.0,3704.0,2783,24.87,0,999.6,32563,3601,2977,19.63,0,999.6,92884,109821,3601,3161,14.66,0,999.6,83594,3,3601,3704.0,0.0,3704.0,0.0,1,0.65
RC105,25,0,0.0,4199,4199,4199,4199.0,4199.0,4199,0.0,1,2566.78,3626,18,4199,0.0,1,2565.04,3941,0,9,4199,0.0,1,2566.78,6585,0,12,4199.0,0.0,4199.0,0.0,1,0.31
RC105,25,1,0.25,4647,4647,4647,4647.0,4647.0,4647,0.0,1,3154.06,23848,203,4647,0.0,1,3150.26,7324,7900,60,4647,0.0,1,3152.59,27705,0,72,4647.0,0.0,4647.0,0.0,1,0.41
RC105,25,1,0.5,0,0,0,1004977.0,0.0,0,,1,0.0,0,0,0,,1,0.0,0,0,0,0,,1,0.0,0,0,0,1004977.0,inf,1004977.0,inf,0,0.55
RC105,25,3,0.25,4647,4647,4647,4647.0,4647.0,4647,0.0,1,3154.31,10666,233,4647,0.0,1,3150.26,11048,11068,83,4647,0.0,1,3152.59,29308,0,72,4647.0,0.0,4647.0,0.0,1,0.55
RC105,25,3,0.5,0,0,0,1004977.0,0.0,0,,1,0.0,0,0,0,,1,0.0,0,0,0,0,,1,0.0,0,0,0,1004977.0,inf,1004977.0,inf,0,0.65
RC105,25,5,0.25,4647,4647,4647,4647.0,4647.0,4647,0.0,1,3154.35,12686,462,4647,0.0,1,3150.26,12866,11035,98,4647,0.0,1,3152.59,29308,0,72,4647.0,0.0,4647.0,0.0,1,0.61
RC105,25,5,0.5,0,0,0,1004989.0,0.0,0,,1,0.0,0,0,0,,1,0.0,0,0,0,0,,1,0.0,0,0,0,1004989.0,inf,1004997.4,inf,0,0.76
RC106,25,0,0.0,3463,3463,3463,3463.0,3463.0,3463,0.0,1,1226.59,9536,50,3463,0.0,1,1226.33,8033,0,29,3463,0.0,1,1226.59,7037,0,23,3463.0,0.0,3465.0,0.06,1,0.34
RC106,25,1,0.25,3463,3463,3463,3463.0,3463.0,3463,0.0,1,1262.96,5244,50,3463,0.0,1,1262.4,4553,3748,32,3463,0.0,1,1262.46,5520,0,16,3463.0,0.0,3467.4,0.13,1,0.42
RC106,25,1,0.5,3969,3969,3969,3969.0,3969.0,3587,9.62,0,1263.45,330728,3600,3969,0.0,1,1262.4,65560,54634,570,3575,9.93,0,1262.46,405842,2,3600,3969.0,0.0,3969.0,0.0,1,0.44
RC106,25,3,0.25,3472,3472,3472,3472.0,3472.0,3472,0.0,1,1263.23,5408,117,3472,0.0,1,1262.4,4039,4616,28,3472,0.0,1,1262.46,8615,2,131,3472.0,0.0,3770.2,8.59,1,0.56
RC106,25,3,0.5,4303,4303,4303,4303.0,4303.0,3739,13.11,0,1264.0,126519,3600,4303,0.0,1,1262.4,131845,129108,1168,3536,17.82,0,1262.46,83497,3,3600,4303.0,0.0,4405.4,2.38,1,0.55
RC106,25,5,0.25,3969,3969,3969,3969.0,3969.0,3508,11.62,0,1263.29,95156,3600,3969,0.0,1,1262.4,151873,115505,1688,3599,9.32,0,1262.46,817691,1,3600,3969.0,0.0,3969.0,0.0,1,0.69
RC106,25,5,0.5,4303,4303,4303,4303.0,4303.0,3726,13.41,0,1264.11,78885,3600,4303,0.0,1,1262.4,111006,89194,937,3513,18.36,0,1262.46,60240,3,3600,4303.0,0.0,4474.2,3.98,1,0.8
RC107,25,0,0.0,3020,3020,3020,3020.0,3020.0,3020,0.0,1,948.89,9492,95,3020,0.0,1,948.89,15182,0,101,3020,0.0,1,948.89,10372,0,66,3020.0,0.0,3020.0,0.0,1,0.23
RC107,25,1,0.25,3022,3022,3022,3022.0,3022.0,3022,0.0,1,948.83,6811,145,3022,0.0,1,948.82,6746,6237,64,3022,0.0,1,948.83,10282,1,155,3022.0,0.0,3022.0,0.0,1,0.33
RC107,25,1,0.5,3052,3052,3052,3052.0,3052.0,3052,0.0,1,968.62,7046,140,3052,0.0,1,968.62,7238,5849,65,3052,0.0,1,968.62,6576,3,534,3052.0,0.0,3055.4,0.11,1,0.38
RC107,25,3,0.25,3050,3050,3050,3050.0,3050.0,3050,0.0,1,948.84,10323,533,3050,0.0,1,948.82,10295,11244,108,3050,0.0,1,948.83,26362,2,557,3050.0,0.0,3050.0,0.0,1,0.5
RC107,25,3,0.5,3054,3054,3054,3054.0,3054.0,3054,0.0,1,968.62,7387,353,3054,0.0,1,968.62,9330,8375,88,3054,0.0,1,968.62,10428,2,290,3054.0,0.0,3054.0,0.0,1,0.59
RC107,25,5,0.25,3050,3050,3050,3050.0,3050.0,3050,0.0,1,948.84,21406,1976,3050,0.0,1,948.82,9368,9715,100,3050,0.0,1,948.83,6328,2,184,3050.0,0.0,3050.0,0.0,1,0.69
RC107,25,5,0.5,3141,3141,3141,3141.0,3141.0,3141,0.0,1,968.62,10953,957,3141,0.0,1,968.62,9214,7196,90,3141,0.0,1,968.62,10175,3,514,3141.0,0.0,3486.6,11.0,1,0.6
RC108,25,0,0.0,2945,2945,2945,2945.0,2945.0,2945,0.0,1,941.92,101334,1159,2945,0.0,1,941.92,69965,0,474,2945,0.0,1,941.92,72121,0,473,2945.0,0.0,2945.0,0.0,1,0.16
RC108,25,1,0.25,2963,2963,2963,2963.0,2963.0,2963,0.0,1,941.91,146712,3599,2963,0.0,1,941.91,94687,57242,1803,2963,0.0,1,941.91,61792,1,1160,2963.0,0.0,2963.0,0.0,1,0.24
RC108,25,1,0.5,2986,2986,2986,2986.0,2986.0,2986,0.0,1,941.91,52148,1093,2986,0.0,1,941.91,99137,58949,1925,2986,0.0,1,941.91,48146,3,3561,2986.0,0.0,2986.0,0.0,1,0.3
RC108,25,3,0.25,2963,2963,2963,2963.0,2963.0,2440,17.65,0,941.91,56315,3600,2963,0.0,1,941.91,56943,35125,961,2963,0.0,1,941.91,154720,1,3003,2963.0,0.0,2963.0,0.0,1,0.33
RC108,25,3,0.5,3049,3049,3049,3049.0,3049.0,3049,0.0,1,941.91,46653,2816,3049,0.0,1,941.91,83396,67012,1544,3049,0.0,1,941.91,47479,3,3234,3049.0,0.0,3049.0,0.0,1,0.55
RC108,25,5,0.25,2963,2963,2963,2963.0,2963.0,2344,20.89,0,941.91,30846,3601,2963,0.0,1,941.91,60715,40748,949,2693,9.11,0,941.91,219588,1,3600,2963.0,0.0,2963.0,0.0,1,0.43
RC108,25,5,0.5,3058,3058,3058,3058.0,3058.0,2398,21.58,0,941.91,34171,3601,3058,0.0,1,941.91,134592,89892,2956,2506,18.05,0,941.91,47927,3,3600,3058.0,0.0,3058.0,0.0,1,0.68
RC201,25,0,0.0,3602,3602,3602,3602.0,3602.0,3602,0.0,1,2724.92,1,0,3602,0.0,1,2719.06,1,0,0,3602,0.0,1,2724.92,1,0,2,3602.0,0.0,3602.0,0.0,1,0.14
RC201,25,1,0.25,3602,3602,3602,3602.0,3602.0,3602,0.0,1,2726.07,1,0,3602,0.0,1,2719.06,1,0,0,3602,0.0,1,2724.92,1,0,0,3602.0,0.0,3602.0,0.0,1,0.16
RC201,25,1,0.5,3602,3602,3602,3602.0,3602.0,3602,0.0,1,2727.21,1,0,3602,0.0,1,2719.06,1,0,0,3602,0.0,1,2724.92,1,0,0,3602.0,0.0,3602.0,0.0,1,0.18
RC201,25,3,0.25,3602,3602,3602,3602.0,3602.0,3602,0.0,1,2726.58,1,1,3602,0.0,1,2719.06,1,0,0,3602,0.0,1,2724.92,1,0,0,3602.0,0.0,3602.0,0.0,1,0.18
RC201,25,3,0.5,3602,3602,3602,3602.0,3602.0,3602,0.0,1,2728.24,1,1,3602,0.0,1,2719.06,1,0,0,3602,0.0,1,2724.92,1,0,0,3602.0,0.0,3602.0,0.0,1,0.17
RC201,25,5,0.25,3602,3602,3602,3602.0,3602.0,3602,0.0,1,2726.59,1,1,3602,0.0,1,2719.06,1,0,0,3602,0.0,1,2724.92,1,0,0,3602.0,0.0,3602.0,0.0,1,0.19
RC201,25,5,0.5,3602,3602,3602,3602.0,3602.0,3602,0.0,1,2728.31,1,1,3602,0.0,1,2719.06,1,0,0,3602,0.0,1,2724.92,1,0,0,3602.0,0.0,3602.0,0.0,1,0.19
RC202,25,0,0.0,3380,3380,3380,3380.0,3380.0,3273,3.17,0,1252.4,596810,3600,3272,3.2,0,1252.4,996132,0,3601,3297,2.46,0,1252.4,994775,0,3600,3380.0,0.0,3380.0,0.0,1,0.16
RC202,25,1,0.25,3380,3380,3380,3380.0,3380.0,3229,4.47,0,1252.68,340186,3600,3170,6.21,0,1252.4,94135,90295,3600,3364,0.47,0,1252.4,1119553,0,3600,3380.0,0.0,3380.0,0.0,1,0.18
RC202,25,1,0.5,3380,3380,3380,3380.0,3380.0,3206,5.15,0,1252.97,285642,3600,3176,6.04,0,1252.4,97846,99022,3600,3285,2.81,0,1252.4,1083620,0,3600,3380.0,0.0,3380.0,0.0,1,0.16
RC202,25,3,0.25,3380,3380,3380,3380.0,3380.0,3178,5.98,0,1252.81,105751,3600,3169,6.24,0,1252.4,90953,88248,3601,3353,0.8,0,1252.4,1109211,0,3600,3380.0,0.0,3380.0,0.0,1,0.18
RC202,25,3,0.5,3380,3380,3380,3380.0,3380.0,3149,6.83,0,1253.22,80004,3600,3182,5.86,0,1252.4,94185,92219,3600,3285,2.81,0,1252.4,1084072,0,3600,3380.0,0.0,3380.0,0.0,1,0.19
RC202,25,5,0.25,3380,3380,3380,3380.0,3380.0,3144,6.98,0,1252.81,56866,3601,3169,6.24,0,1252.4,92833,88426,3600,3278,3.02,0,1252.4,1095425,0,3600,3380.0,0.0,3380.0,0.0,1,0.21
RC202,25,5,0.5,3380,3380,3380,3380.0,3380.0,3137,7.19,0,1253.22,53188,3601,3185,5.77,0,1252.4,97391,96782,3601,3286,2.78,0,1252.4,1093828,0,3600,3380.0,0.0,3380.0,0.0,1,0.2
RC203,25,0,0.0,3269,3269,3269,3269.0,3269.0,2232,31.72,0,1070.28,407114,3600,2245,31.32,0,1070.28,594153,0,3600,2497,23.62,0,1070.28,610497,0,3601,3269.0,0.0,3269.0,0.0,1,0.14
RC203,25,1,0.25,3269,3269,3269,3269.0,3269.0,2218,32.15,0,1070.32,161483,3600,2166,33.74,0,1070.28,109228,70937,3600,2404,26.46,0,1070.28,663989,0,3600,3269.0,0.0,3269.0,0.0,1,0.15
RC203,25,1,0.5,3269,3269,3269,3269.0,3269.0,2225,31.94,0,1070.35,171967,3600,2234,31.66,0,1070.28,155629,89869,3600,2332,28.66,0,1070.28,654713,0,3600,3269.0,0.0,3269.0,0.0,1,0.15
RC203,25,3,0.25,3269,3269,3269,3269.0,3269.0,2209,32.43,0,1070.34,60793,3601,2164,33.8,0,1070.28,134279,74950,3600,2405,26.43,0,1070.28,664759,0,3600,3269.0,0.0,3269.0,0.0,1,0.17
RC203,25,3,0.5,3269,3269,3269,3269.0,3269.0,2273,30.47,0,1070.4,59679,3601,2206,32.52,0,1070.28,152137,85473,3600,2332,28.66,0,1070.28,655991,0,3600,3269.0,0.0,3269.0,0.0,1,0.17
RC203,25,5,0.25,3269,3269,3269,3269.0,3269.0,2129,34.87,0,1070.34,32833,3601,2171,33.59,0,1070.28,119806,81203,3600,2405,26.43,0,1070.28,665378,0,3600,3269.0,0.0,3269.0,0.0,1,0.19
RC203,25,5,0.5,3269,3269,3269,3269.0,3269.0,2145,34.38,0,1070.4,32349,3601,2205,32.55,0,1070.28,149601,83434,3600,2332,28.66,0,1070.28,655379,0,3601,3269.0,0.0,3269.0,0.0,1,0.16
RC204,25,0,0.0,2997,2997,2997,2997.0,2997.0,2201,26.56,0,996.43,371453,3600,2135,28.76,0,996.43,522422,0,3601,2190,26.93,0,996.43,567194,0,3601,2997.0,0.0,2997.0,0.0,1,0.16
RC204,25,1,0.25,2997,2997,2997,2997.0,2997.0,2121,29.23,0,996.47,149730,3600,2078,30.66,0,996.43,115014,71271,3601,2225,25.76,0,996.43,544931,0,3600,2997.0,0.0,2997.0,0.0,1,0.18
RC204,25,1,0.5,2997,2997,2997,2997.0,2997.0,2093,30.16,0,996.5,154166,3600,2099,29.96,0,996.43,107826,78633,3600,2210,26.26,0,996.43,574174,0,3600,2997.0,0.0,2997.0,0.0,1,0.19
RC204,25,3,0.25,2997,2997,2997,2997.0,2997.0,2067,31.03,0,996.48,48741,3601,2066,31.06,0,996.43,116501,67783,3600,2150,28.26,0,996.43,560802,0,3600,2997.0,0.0,2997.0,0.0,1,0.21
RC204,25,3,0.5,2997,2997,2997,2997.0,2997.0,2072,30.86,0,996.53,49105,3601,2102,29.86,0,996.43,114113,78801,3600,2211,26.23,0,996.43,575470,0,3600,2997.0,0.0,2997.0,0.0,1,0.2
RC204,25,5,0.25,2997,2997,2997,2997.0,2997.0,2051,31.56,0,996.49,25445,3601,2085,30.43,0,996.43,110626,85083,3601,2150,28.26,0,996.43,560117,0,3600,2997.0,0.0,2997.0,0.0,1,0.21
RC204,25,5,0.5,2997,2997,2997,2997.0,2997.0,2052,31.53,0,996.54,25784,3601,2101,29.9,0,996.43,155952,67908,3600,2212,26.19,0,996.43,581740,0,3600,2997.0,0.0,2997.0,0.0,1,0.2
RC205,25,0,0.0,3380,3380,3380,3380.0,3380.0,3380,0.0,1,1926.96,4698,23,3380,0.0,1,1926.95,4501,0,14,3380,0.0,1,1926.96,3658,0,13,3380.0,0.0,3380.0,0.0,1,0.11
RC205,25,1,0.25,3380,3380,3380,3380.0,3380.0,3380,0.0,1,1927.03,3324,36,3380,0.0,1,1926.95,2712,2180,19,3380,0.0,1,1926.96,3254,0,10,3380.0,0.0,3380.0,0.0,1,0.13
RC205,25,1,0.5,3380,3380,3380,3380.0,3380.0,3380,0.0,1,1927.11,3405,15,3380,0.0,1,1926.95,2889,2053,20,3380,0.0,1,1926.96,3073,0,9,3380.0,0.0,3380.0,0.0,1,0.13
RC205,25,3,0.25,3380,3380,3380,3380.0,3380.0,3380,0.0,1,1927.1,2717,62,3380,0.0,1,1926.95,3492,2398,16,3380,0.0,1,1926.96,3254,0,10,3380.0,0.0,3380.0,0.0,1,0.14
RC205,25,3,0.5,3380,3380,3380,3380.0,3380.0,3380,0.0,1,1927.26,3646,106,3380,0.0,1,1926.95,2930,1969,20,3380,0.0,1,1926.96,3073,0,9,3380.0,0.0,3380.0,0.0,1,0.15
RC205,25,5,0.25,3380,3380,3380,3380.0,3380.0,3380,0.0,1,1927.15,2884,119,3380,0.0,1,1926.95,3407,2268,16,3380,0.0,1,1926.96,3254,0,10,3380.0,0.0,3380.0,0.0,1,0.16
RC205,25,5,0.5,3380,3380,3380,3380.0,3380.0,3380,0.0,1,1927.36,3072,54,3380,0.0,1,1926.95,2302,1577,16,3380,0.0,1,1926.96,3073,0,9,3380.0,0.0,3380.0,0.0,1,0.16
RC206,25,0,0.0,3240,3240,3240,3240.0,3240.0,3240,0.0,1,1287.7,3004,19,3240,0.0,1,1287.37,4877,0,19,3240,0.0,1,1287.7,3885,0,16,3240.0,0.0,3240.0,0.0,1,0.12
RC206,25,1,0.25,3240,3240,3240,3240.0,3240.0,3240,0.0,1,1299.61,2935,39,3240,0.0,1,1299.18,3088,1997,22,3240,0.0,1,1299.44,3039,0,13,3240.0,0.0,3240.0,0.0,1,0.13
RC206,25,1,0.5,3252,3252,3252,3252.0,3252.0,3252,0.0,1,1299.77,2894,41,3252,0.0,1,1299.18,2962,1414,19,3252,0.0,1,1299.44,3387,1,34,3252.0,0.0,3252.0,0.0,1,0.26
RC206,25,3,0.25,3252,3252,3252,3252.0,3252.0,3252,0.0,1,1299.68,3258,116,3252,0.0,1,1299.18,4028,2118,27,3252,0.0,1,1299.44,3941,1,40,3252.0,0.0,3252.0,0.0,1,0.29
RC206,25,3,0.5,3292,3292,3292,3292.0,3292.0,3292,0.0,1,1299.92,2873,82,3292,0.0,1,1299.18,4326,2113,27,3292,0.0,1,1299.44,3189,2,54,3292.0,0.0,3292.0,0.0,1,0.16
RC206,25,5,0.25,3292,3292,3292,3292.0,3292.0,3292,0.0,1,1299.69,2972,178,3292,0.0,1,1299.18,4705,2415,31,3292,0.0,1,1299.44,4903,2,86,3292.0,0.0,3292.0,0.0,1,0.34
RC206,25,5,0.5,3292,3292,3292,3292.0,3292.0,3292,0.0,1,1299.93,3195,184,3292,0.0,1,1299.18,3368,1682,20,3292,0.0,1,1299.44,3702,2,63,3292.0,0.0,3292.0,0.0,1,0.16
RC207,25,0,0.0,2983,2983,2983,2983.0,2983.0,2537,14.95,0,995.47,387537,3600,2558,14.25,0,995.47,649102,0,3600,2546,14.65,0,995.47,720052,0,3601,2983.0,0.0,2983.0,0.0,1,0.12
RC207,25,1,0.25,2983,2983,2983,2983.0,2983.0,2503,16.09,0,995.5,204851,3600,2498,16.26,0,995.47,130800,74716,3600,2550,14.52,0,995.47,713156,0,3600,2983.0,0.0,2983.0,0.0,1,0.13
RC207,25,1,0.5,2983,2983,2983,2983.0,2983.0,2497,16.29,0,995.52,194819,3600,2504,16.06,0,995.47,126995,63105,3600,2552,14.45,0,995.47,733511,0,3600,2983.0,0.0,2983.0,0.0,1,0.12
RC207,25,3,0.25,2983,2983,2983,2983.0,2983.0,2457,17.63,0,995.52,76032,3600,2495,16.36,0,995.47,126666,71219,3600,2550,14.52,0,995.47,712964,0,3600,2983.0,0.0,2983.0,0.0,1,0.13
RC207,25,3,0.5,2983,2983,2983,2983.0,2983.0,2459,17.57,0,995.57,77073,3600,2477,16.96,0,995.47,126880,67561,3600,2552,14.45,0,995.47,735769,0,3600,2983.0,0.0,2983.0,0.0,1,0.14
RC207,25,5,0.25,2983,2983,2983,2983.0,2983.0,2416,19.01,0,995.52,42886,3600,2513,15.76,0,995.47,128911,64603,3600,2550,14.52,0,995.47,715143,0,3600,2983.0,0.0,2983.0,0.0,1,0.15
RC207,25,5,0.5,2983,2983,2983,2983.0,2983.0,2392,19.81,0,995.57,42633,3601,2508,15.92,0,995.47,123824,67255,3600,2552,14.45,0,995.47,734117,0,3600,2983.0,0.0,2983.0,0.0,1,0.16
RC208,25,0,0.0,2661,2661,2661,2661.0,2661.0,2064,22.44,0,929.03,379534,3600,2087,21.57,0,929.03,655244,0,3601,2079,21.87,0,929.03,629231,0,3601,2661.0,0.0,2661.0,0.0,1,0.18
RC208,25,1,0.25,2684,2684,2661,2684.0,2684.0,2029,24.4,0,929.03,151957,3600,2071,22.84,0,929.03,216880,59872,3600,2115,21.2,0,929.03,669192,0,3600,2684.0,0.0,2684.0,0.0,1,0.17
RC208,25,1,0.5,2691,2691,2661,2691.0,2691.0,2060,23.45,0,929.03,152985,3600,2021,24.9,0,929.03,174655,58877,3600,2076,22.85,0,929.03,659999,0,3600,2691.0,0.0,2691.0,0.0,1,0.18
RC208,25,3,0.25,2691,2691,2661,2691.0,2691.0,2005,25.49,0,929.03,48758,3600,2056,23.6,0,929.03,143141,80219,3600,2050,23.82,0,929.03,682904,0,3600,2691.0,0.0,2691.0,0.0,1,0.2
RC208,25,3,0.5,2721,2721,2661,2721.0,2721.0,2015,25.95,0,929.03,45526,3600,2010,26.13,0,929.03,123526,69130,3600,2101,22.79,0,929.03,639783,0,3600,2721.0,0.0,2721.0,0.0,1,0.21
RC208,25,5,0.25,2691,2691,2661,2691.0,2691.0,2000,25.68,0,929.03,21503,3601,1993,25.94,0,929.03,96452,69054,3600,2144,20.33,0,929.03,621627,0,3600,2691.0,0.0,2691.0,0.0,1,0.2
RC208,25,5,0.5,2730,2730,2661,2730.0,2730.0,1972,27.77,0,929.03,26740,3601,2002,26.67,0,929.03,108229,71466,3601,2196,19.56,0,929.03,683070,0,3600,2730.0,0.0,2732.8,0.1,1,0.22
